-- phpMyAdmin SQL Dump
-- version 5.0.2
-- https://www.phpmyadmin.net/
--
-- Host: localhost
-- Generation Time: Nov 17, 2020 at 11:08 AM
-- Server version: 10.4.11-MariaDB
-- PHP Version: 7.4.6

SET SQL_MODE = "NO_AUTO_VALUE_ON_ZERO";
START TRANSACTION;
SET time_zone = "+00:00";


/*!40101 SET @OLD_CHARACTER_SET_CLIENT=@@CHARACTER_SET_CLIENT */;
/*!40101 SET @OLD_CHARACTER_SET_RESULTS=@@CHARACTER_SET_RESULTS */;
/*!40101 SET @OLD_COLLATION_CONNECTION=@@COLLATION_CONNECTION */;
/*!40101 SET NAMES utf8mb4 */;

--
-- Database: `backend_expressjs`
--

-- --------------------------------------------------------

--
-- Table structure for table `category`
--

CREATE TABLE `category` (
  `id` int(255) NOT NULL,
  `category` text NOT NULL
) ENGINE=InnoDB DEFAULT CHARSET=utf8mb4;

--
-- Dumping data for table `category`
--

INSERT INTO `category` (`id`, `category`) VALUES
(1, 'Main Course'),
(2, 'Dessert'),
(3, 'Beverage'),
(4, 'Snack');

-- --------------------------------------------------------

--
-- Table structure for table `history`
--

CREATE TABLE `history` (
  `id` int(255) NOT NULL,
  `invoice` int(255) NOT NULL,
  `cashier` text DEFAULT NULL,
  `customer_id` int(255) DEFAULT NULL,
  `order_date` timestamp NOT NULL DEFAULT current_timestamp(),
  `amount` int(255) NOT NULL
) ENGINE=InnoDB DEFAULT CHARSET=utf8mb4;

--
-- Dumping data for table `history`
--

INSERT INTO `history` (`id`, `invoice`, `cashier`, `customer_id`, `order_date`, `amount`) VALUES
(25, 3003, NULL, 3, '2020-09-20 01:30:04', 121000),
(26, 199876, NULL, 3, '2020-09-20 01:30:09', 121000),
(27, 71291, NULL, 3, '2020-09-21 02:42:19', 121000),
(28, 85968, NULL, 3, '2020-09-21 02:47:14', 104500),
(29, 83724, NULL, 3, '2020-09-21 04:21:31', 48950),
(30, 44993, NULL, 3, '2020-09-21 05:04:00', 46200);

-- --------------------------------------------------------

--
-- Table structure for table `level`
--

CREATE TABLE `level` (
  `id` int(255) NOT NULL,
  `level` varchar(255) NOT NULL
) ENGINE=InnoDB DEFAULT CHARSET=utf8mb4;

--
-- Dumping data for table `level`
--

INSERT INTO `level` (`id`, `level`) VALUES
(1, 'Customer'),
(2, 'Cashier'),
(3, 'Supervisor'),
(4, 'Admin'),
(5, 'Super Admin');

-- --------------------------------------------------------

--
-- Table structure for table `menu`
--

CREATE TABLE `menu` (
  `id` int(255) NOT NULL,
  `name` text NOT NULL,
  `image_path` text DEFAULT NULL,
  `price` int(255) NOT NULL,
  `quantity` int(255) NOT NULL DEFAULT 1,
  `category_id` int(255) NOT NULL,
  `added_at` timestamp NULL DEFAULT current_timestamp(),
  `updated_at` timestamp NULL DEFAULT current_timestamp()
) ENGINE=InnoDB DEFAULT CHARSET=utf8mb4;

--
-- Dumping data for table `menu`
--

INSERT INTO `menu` (`id`, `name`, `image_path`, `price`, `quantity`, `category_id`, `added_at`, `updated_at`) VALUES
(27, 'Nasi Goreng', 'https://www.seriouseats.com/2019/06/20190604-nasi-goreng-fried-rice-vicky-wasik-7.jpg', 13000, 1, 1, '2020-08-07 10:35:16', '2020-08-31 14:18:29'),
(30, 'Cappuccino', 'https://upload.wikimedia.org/wikipedia/commons/thumb/c/c8/Cappuccino_at_Sightglass_Coffee.jpg/1280px-Cappuccino_at_Sightglass_Coffee.jpg', 25000, 1, 3, '2020-08-07 10:38:20', '2020-08-07 10:38:20'),
(31, 'Honey Pancake', 'https://cdn.apartmenttherapy.info/image/upload/f_auto,q_auto:eco/k%2Farchive%2F8cfbcbb2919742682345681d469b7417a73e4dfe', 35000, 1, 2, '2020-08-07 10:39:07', '2020-08-07 10:39:07'),
(32, 'Spaghetti Bolognise', 'https://hips.hearstapps.com/hmg-prod.s3.amazonaws.com/images/homemade-spaghetti-sauce-horizontal-1530890913.jpg', 40000, 1, 1, '2020-08-07 10:40:14', '2020-08-31 13:47:59'),
(33, 'Fettuccine', 'https://hips.hearstapps.com/delish/assets/17/36/1504715566-delish-fettuccine-alfredo.jpg', 45000, 1, 1, '2020-08-07 10:41:00', '2020-08-07 10:41:00'),
(34, 'Coffee Latte', 'https://www.thespruceeats.com/thmb/84NH6o4voevSkbNQQDsZkCKDh5o=/3669x2064/smart/filters:no_upscale()/how-to-make-caffe-latte-765372-Hero-5bbe0901c9e77c0026bf07c4.jpg', 35000, 1, 3, '2020-08-07 10:41:40', '2020-08-07 10:41:40'),
(35, 'Green Tea Latte', 'https://images.japancentre.com/recipes/pics/16/main/matcha-latte.jpg?1469572822', 25000, 1, 3, '2020-08-07 10:42:23', '2020-08-07 10:42:23'),
(36, 'Nasi Balap Bali', 'https://miro.medium.com/max/1200/1*L5f76WtUr1weFLu4rfuQYg.jpeg', 15000, 1, 1, '2020-08-07 13:47:15', '2020-08-07 13:47:15'),
(37, 'Gado-Gado', 'https://i0.wp.com/resepkoki.id/wp-content/uploads/2017/02/Resep-Gado-Gado.jpg?fit=2461%2C2359&ssl=1', 9000, 1, 1, '2020-08-07 13:49:38', '2020-08-07 13:49:38'),
(38, 'Garlic Bread', 'https://www.shugarysweets.com/wp-content/uploads/2020/04/garlic-bread-4-720x540.jpg', 20000, 1, 2, '2020-08-07 13:53:59', '2020-08-07 13:53:59'),
(39, 'Korean Garlic Bread', 'https://cdn.idntimes.com/content-images/post/20200703/6elqlz00rqt41-7b27dce61e9ad014f6d664053ea1ec4a_600x400.png', 25000, 1, 2, '2020-08-07 13:55:18', '2020-08-07 13:55:18'),
(40, 'Nasi Gandul', 'https://i2.wp.com/resepkoki.id/wp-content/uploads/2018/09/Resep-Nasi-Gandul.jpg?fit=1199%2C1300&ssl=1', 25000, 1, 1, '2020-08-07 18:14:52', '2020-08-07 18:14:52'),
(41, 'Nasi Uduk', 'https://img-global.cpcdn.com/recipes/a641024ba9d4fe3b/1200x630cq70/photo.jpg', 13000, 1, 1, '2020-08-07 18:43:06', '2020-08-07 18:43:06'),
(42, 'Rawon', 'https://sifu.unileversolutions.com/image/id-ID/recipe-topvisual/2/1260-709/nasi-rawon-50400044.jpg', 22000, 1, 1, '2020-08-07 18:53:15', '2020-08-07 18:53:15'),
(43, 'Strawberry Milk', 'https://asset.kompas.com/crops/cuhSAtAVuzT2NaOtZzBYpdRqNcg=/77x0:1000x615/750x500/data/photo/2020/05/31/5ed3537422f17.jpg', 17000, 1, 3, '2020-08-08 04:33:06', '2020-08-08 04:33:06'),
(44, 'Sate Maranggi', 'https://www.sahabatufs.com/img/news/03.%20UFS_Oktober%202019_Header.jpg', 23000, 1, 1, '2020-08-08 13:25:48', '2020-08-08 13:25:48'),
(45, 'Sate Taichan', 'https://i1.wp.com/resepkoki.id/wp-content/uploads/2017/11/Resep-Sate-Taichan.jpg?fit=1300%2C1300&ssl=1', 25000, 1, 1, '2020-08-08 13:32:34', '2020-08-08 13:32:34'),
(46, 'Rangi Cake', 'data:image/jpeg;base64,/9j/4AAQSkZJRgABAQAAAQABAAD/2wCEAAkGBxMTEhUTExMVFhUVFRcYGBgXFxgXFRUXGBUWFxcYFxcaHSggGBolHRcVITEhJSktLi4uFx8zODMtNygtLisBCgoKDg0OGhAQGy0lHyUtLS0tLS0vLS0tLS0tLS0tLS0tLS0tLS0tLS0tLS0tLS0tLS0tLS0tLS0tLS0tLS0tLv/AABEIAKgBLAMBIgACEQEDEQH/xAAcAAABBQEBAQAAAAAAAAAAAAAFAQIDBAYABwj/xAA+EAABAwIEAwYEBQIFAwUAAAABAAIRAyEEEjFBBVFhBhNxgZGhIjKx8AdCUsHR4fEUFSMzYnKCshYkQ1Oi/8QAGgEAAgMBAQAAAAAAAAAAAAAAAQIAAwQFBv/EACkRAAMAAgICAQMDBQEAAAAAAAABAgMRBCESMUETIlEFYbEUMnGBoUL/2gAMAwEAAhEDEQA/AN+/H1DvHgoH1SdST5qIkpCFkdN+zYpSEq1mjWAkFTqqPEOHd4QZ0VllMNACVjEjiml0JSuIQCc1y5yRqQlQA0lNk8lJ7JhKJBsFLCa+q1vzOAHihuJ7RYdmrx5XQIFHBRuBWZxXbWmPkaSgWN7aVXWaA2UyTZD0fB8OdVk5srRZGcPgXBmRz823lsk4NSLKNNrmgGATlOYSbkzaURLlrjGkjLVtsbRpZRHLkou+EZjaElXFNaCSYAWV492gBBZTMk77Jc2eMM7phxYqyPSLnGe0tFjgwFznc2iWj/qKzuJ4zmmS0crm/sgj2kSZkquakm64GfmVn9ro7GLhzHyaanj2gA5gT4rqfFQfzDzt7rOOqNCbTrglZvJ66LfoI1NEE6EGeRUOIxbmHI5vghrMU0C1lIx4/N8R6/yq9zr0xPptPsN4XEPltiANdzfkjeHxANoPWVncLjTMI7w+mXEH+q18bI7rxj0Zc06W2HMI74fBWqbxCip04EQnNB8F6WFpJHLp7ZOCulRt80pcEwCrintAJcL/ACygT3ybCAj+LhzXDmFnmO6rNn+DRhJWhPaFCHp+ZZy4lAXdExpToRACOJUspnmqff8ARHcbTDmkLOuoO5FdDj5PKdP4K6Rqcyie9dkGpVOvxOkz5ntHmueWoshx2C56AYztbQZoSUDxXbv9DPMqaJs3YKZUeN3Aea8xxPa+u7Qx4IVieKVXfM93qjoG0eq4ri9CmL1B6oViO2tFvygkrzTvTuUpIlTRPI2eK7cvPysA8UGxPaWu785Hgg7mpjp2BQS2TZZr8QqP+Zzj5rScA4bUANHE0C2lXFq0A5HEfCcwmLxruVk24Z52hF+BcWxWGeG0Cahf8IpHM9pJ5MB16q2EtiVvQexn4ZYsNzU6lKp8Mxdpn9ImQfGQjPZr8OKbO6q4kl7wMzqZjuwSLDS8LTdi8biK+HFXEUzSc4mGmxgb5TcA8ijZbdaFC9lDtsVjQGgCAAIA2AGyHcX4zToQHGXHQdOZ5BdxbijaTdi46N/nkF55xWq57y4mSdT+w6LNyeWsf2r3/Bo4/H+o9v0O4x2lfUcQTabAWEbIO/iMqtiaJLt1WqYc9Vx6x/Uryp7Z2YiYWki+7Hprq0oSwkEyLKzTro/0yQ3mXDTkKRuEgamVXp4pW6WLCrrHS9B8huHoHUzAV+i8yICbQrtNvsohhWNtG6z5PL1oWr/JawbwRBEH0Wp4ICJtvY8htKDYDheZ2h/hafAYYsAvbfwXT/TOPafnS0cvl5Za0i4KkGFI2ooHP1jUfeuiQVLSRB9l3DnFjvNuajqmy4tkA6rL8Y4o+jWc14hpjLuCOYP7JLtQtsaZdPSNFh6w1JQrHAB5gyD9wg9bjbRlGZvx/LGp526WVltWdblZsmRUtF+OGuycg809ruih7xPDiqS0mDk9pULSnjREA+FJSr5RGUG8qMFKU005e0BpP2eecf43VfMOLR0WRq1yTdxPiUYxLw/WyGv4c3mUVOih8mCmHBNfXGiIjAN6p4wjRsmK3yl8IGAxsU8MJ2RI0Qu7sclBf6r8Io08MdzZTsoMHMqweULiJQA+TTIXMGwhKS6OXkpIIXqHZzguDqMbXYwOe5gBlv8Ap5wPiincNMp5nyAsl18nl2Gwj6rsrAXH2HidltuxvC2YVz31xNQiGlsywbgHmeaM1eDOpA5WgDU5dtz5SSgGLxOVxN7rnZuVmx3pTr/J0cHEiltvbNdX7SNHyiB1/gILj+0VR35iPC3us1Xx+6G1uLjqkrLyMnt6NkcXHPwHquLm5P8AKpYjEhCv8yad48VRq4r48wvsq547ftl/Uh1rwleAUIbiVLTxZQeCl2N5FmvgwdFROCc3QFX6WNjVSNxAKnlch2D24c7pzaavNEqNuCM2R+q/kOkR09loMLjWGpFNuVtNj3E6kwLephvmqGA4LVqTH6SQNzyHijJwlYBtFlDu6bi1tTK0lzjzc8yTEyNhsrJjfbX/AAz5bn1s1PDcc2oA+bkAWsBaIjZG6T50Wd7N4EsbDzcHSOfVaPujsSfRdrC24Tfs42VJU0h4M7JKrQQQuEiyGce4j3GHfX+H4BcOMA3Aied7Dc23Tt6WytIsZsoAn3XnP4w8ddSGHYKYOYvcHlx0blBblHOWmeiY3t1TZBqH5b2u48gvN+1faWtjamaof9NrnmmyB8DXHcjUwBfoq1atDuXLIqXFH/4gVtC5xMD5R0A2C9l4Ljm1aTXTsF4MXfCDyK9L/Driv/xE6xHmqc0/JdirfRvm6Rc+ykDgOia6if1eidTpAbKjstHRdTtTRHNKHCICgR+fonDwUTfArjUPIeqGyaPJ6DszGu5tCeymosLTLA+mdadRzI6Tb2U7GnmE7bOPc6bQ7u0hZ1TyBzTc4GyGysTKmwpO86KOSmIOy7prmLpSEptBQV7Odm34tzocGMZGYm5MzDWjc230Xp3Z7hP+FoijmzQXGdCczibjoIGvos5+G3C3NZUruENqZQySZIaTJjSLiD0PntdFpxyktmnGutiOA0+qz/GeCNdUFXOWZdYA5aydPvRHXbeKzPavGO/226HXbyVfKqJx+VL1/JqweTvUsB18PSDSGxF/RA8Twuk7QD+VdxDSB7Ic6tlsV5q7p1tM7eONIoV+ECf4Q2tw9w0utEcVOgMc0n+HlWxmufY7X5Mo4OauZiHLQ4jBA6hQDhzTpstK5S12J9MGsxE6qzTq9VYbwsTqpxwMzA9bqPkQTSR2FqndHsG4QWsPxEDM+1gSBDQdfLXwCFf+nqoALLkatiJ8L6rqBNMiXfEHQW7sg6H+iVwq+5ehXSa0n2bzs5hC2o4wG2Ahs5TG9yf5Wkp66EdR0QPg4zZTqCJtsdgUdw7ttyV28EKISRxM1Oq2yQUmyYAB3UgKQPXU1cVDi7qmViMsEAgzNpB5z6pK1TKqfEMeym0uqH4ReeW9+W6jIeK/i1gaFLFsbRotpl7DUeWwA4uhgAYPlA7snQSXuWHcyy9B/EDthSrV2ZKWGxNMU/ztfmYSTLQ9rxGjTpIv4oB2d4VTe11eu4NpNkABwzudrABvF9VQ6XsdIzgoGD4K/wBnMeabwR+U+oOquYrDmt3poMDaVFhe9xNmjQAu/U42A1J81n8I+HApmtySXqj6JwFcVabXCTYb2091aCxv4d8SLqfdE/Lp4bLbNok9eXL2WTRr2I1vNObT6Li0DU/X+V08vb+kfVTRNjxTP3ZKKB5/VRMqn+g/pP1SkuN8p9Sp0Ts817TYbu8ZUtaowPHiLH9lQa8LSfiLhspo1eTi0no7+qzERzRa7OdyVqtlgkKMuC5jklQ9FGjMKCllRyrGD4bXrZjSpveGxmyiYkwPHwHU6Aoyth8Q12J4fTr4nLVALWtLss/MZAEjUjUmOQmy9LqcCwzqneOoUy7KW/KIIOpLdCdbxNyqXZPhlShh6dOoGBwBJiMwLnZoJaSDGhM38rnoC1xOkaZlJETGtY0MaA1rQAABAAFgANgmvrDVPqObKhrsbrH1+kpxiGtiQJ0536b+yxXEeJZ6jnGzQfhnU9StJxcEsyt+WZcemwnqVleI0Bt9Vx/1LLX9i9HR4cT7ZRr44SqlQsNzCkdhhBJmdgP38lQqki0LlTC9nUSXwWKlAEyDCe6YF1UpF2vJSNqHXVGpf5ISPw5PVMOFPgrNKseSu4LDPebAR1IA90nYHTXsoUKBBG5WkwJE5Gt7x4Ekx8IjUxy6lUsRRaLNvzI/ZWsELCm2wN3H9R69ANvE7psf3VopyPa2E+GNDtjObl8IEHTkZRipw6lUaWvY0y1zZgSA+M0HYmBfoFU4VQAgg8x4opQENB2Xo+Li8MaVHIzXutoZRwQZGW0cuXJWBRE5gT1ulpndKXrVoo2QVD7z6KqMaJDZg8t1bruJFvRZ3irqZvlAq0xmpk7PykREjUEi5GuqDIWe0WMNDDVapIBptzAHcN+YW5iY6ryLi/4gVq9KpSLGhtVmVwJzBuklthfly6p3aDtpi67XUTSaxhlrhOd35gbmBuRodB1nIjDu/Sfb+VTbbYVUr5EDWqU1tk+lgHHYDxKuUuGj8zp6BL2K8kor8S4zUfRbhmAU6LTmyNF6j/11Havd42CGjDECd/oj1ag0D4Wgdd0PcwlPtsVVv0GeyXE+6e182Fj4G3svZ8NXL2AjfnpzmV8+4NxY++h+yvXexHFc1PuzctA9CFTfXZtx15I1Pc88seE28f6J4aALCfv0C4XiWifp4WM+yky7G/t9+qTQ4hfb7+uiaBN59x+wTm0xyb5AaeacS7aAoQzXbTCGphXi0tGYbmW3WB7yQ082g+y9VxbAWlp3Eey8sZhXAVBr3Ty1wB+JomziP07So12ZuTO52I0pXOCiDl6Z+HnAQ2mMS65qsLWgtgsGdwJBM5g4BpmBY7gp5jyZimW2BuwvZqnic1St8TGnKGhxEmL5spDhEggW2OmvpWHotY1rGtysYA1oGgAECPLdQYTAspNbTpNDWN2A1jQk7m2vgpKtTktMSpRomdInKgrVITWVJ+/uEj2SNdU4SJtTWL3nw6WGihqYmIP1MLnUCzQk2uhuOxLjAaGyPivy8DqlfSGXZFxirDT8RE36HxWWfiMxKIY/EkNzO0J8+tuSBYvEtOg3XB56VWdTjLUhp4DmAARHuVSdhwlw+MtEz13UbsRDrlZsunoulskGDAE2jRR/4QKWjXvCnq6jlCqtdbQ6plT/AAitUcW9re7AAm2a9mmx+wiOEu223jpt9SieHwbD8wBGv9ZWjDxqvXiyrJyEvaA/D6bTUGWamW9xlDvKSYR/B8IAEu1BmI2J356/RX8BSpsEMaG79TPMq5mXY43CnEtvWzn5uQ7fRWwuFa0fD152k9VPBISNN7eiWtUI0W5GVs4UyLWF1TxrXT8LwGzJm2UAec3n1HJSUagfMbHUbH+6FdoOCtr0X06jizcPn4QQZBcJ0tvzSt9dBXvsqYrtXRnIw5nB4EjQwYNysb2+7S0z/p0nEvcC2ppDG3lp/wCRnyHkvP34+q4kB8NkwWyMw2Mm+nglo0VTun/cxclylqRzXqamCuY0BPY6EGzK2T0qZVkMCgpuJ1Vhgtp/CXZDsrY0lDcb6eCJGOf7qviIiwR2NL0A8RTJ01Wl7H8W7uox20Q7w3/n/tQOoF3DKmWoAdD6X1++qFrcmzBXej6CwlYPYHD2snmZ+W3qfrAWX7HcRlmQ6iB1g6emi0vek3Bb5fF76KqeujW0ShNzf8fWy5hO97p5PQ+5R1sXZSvv7S5eZdoqHd4qpH525ht0P7r0upexaD43HkIusR2+pAOpv5TpyOv7osXJPlLQH4Hw52JrsoMsXm5gnI0CS4wDHKdJIXuGGwoptbTY0NYwABoOgXj/AOHfE2UsTUJnN3Lg24g/E0uHPNYR0Dl6ThePioOUfVW47iem+zLixPx8kHHAC/35qiXm4tBsCCZiLk2sZnmo28RBvPQ3XOrNnMJ38DKv80P4skp4V/xaAG4jQ9Da3ikY541GUA2ki/n96p1Ss6JM/VCeJYw92XBp8DYzE+SjpICWw0HT157DXqsj2qwVfMK1IZmj4SzUgSYcINwdeY33hjcc6nTzMJc4iQ28EgxE6mRe+wQrivaLE0wXCi5weCPhv3ZjWAHbzry6rJmzw/sZox4qT8kUqXHabqZa8Euj4TNp6xeEOyd44hgJP/FZk42bzKnp8QcBYkedvNYLxNtbN0Ul6DVam9piYNpVkNqAAnRwkesSg+CrVHkkNc4CJIBIB2mFsuD4VxDc9iBEAXkaF23JVOEumWO+tlFgdbNZXqQJ5dESxWCc5wLjJ0G4hW8FwsyLGOY2Vf01V+MplbvS2xvC6Dg3PtMc/bkjNANMSQPBSU+GhhytJgjnZTHADPItabW0XewYFjlI5uTJ5M4072J6Qn0n7HXRWCzTwVbEVsp0g84V5Ud3nMx9UM4vxM03NawAzBM/pM/L1BEwUSLQ8EHcagwb8iNF5p2jFTC1y2pUNTM3MHHWJIuNrgqnNbmdofHKbPQOHcUYdCImLARbXTrKg7XcWZSwtSo7MIbbL80mwjbUjW3O0rzPEdo+6Ac0gw4HLmg7i31ugvHu0tfFWqGKYIcGACxAi7tTv0uljK6n0LmShgyo8OdmDWtJiQ0Q2YuQPygm8Cwm1kolRgqRgO9kuzI3sc2lzU9NoSNpyd1bZRhAQRgT3FSCISF6VhGBhKa+mNynJHOURNlDEAA2HqqbwdeV/wCyJVwSFScFYkXRWuzV8AxpGV7bkRI5jfz3Xq+FpNeA8AExY9DBsTJuvEOz1fK+PDyuvYOydWWZP06aAwdBflcWVbR0VW0GHUgAbSfvdT06JI091I2je4HiZJ9Topm+PoEyRW6MoXfevusl2zbmYCdjc+Nr2681qn0b/wBp5CDOnjKF8Z4c19NzdyPMa9L/AHdIy5HlAruY/MHZXA6210P7rV8H46aoAa4sObKZ0LoDjlItEAmDoFf4BwoUsU5tVlGrQxLMrKpbIL7OyQSe7zDvJBHxQ0AnRbjA4ejQpd3hqLKf5nAWExlk3u6wRuJc7opxOoppegO3HSSBeI8b8/QqjU44AS0OiDsN0VZQzOc593E3NrqWvwem8QWiOcC/qFzfrXa3JtSiX2D8D2kgwST56I3hsQa/wzAIMGJ0VfBcIo022Y2xkEgE35Ei2gRbCY0C2WOquweXklVdFWVzr7UBxhi0iWweRsTrooqeGJcRMA2JO1t4R/FYOnWOYzIiIJFheFE/hTG3a541kTIPjKbJwnvfwv3BOdf7Mr2g7K0XAEgOOkj4T5EbeKzw7NUR+Qn/ALz9JW2xr3/KAOXQIYH5TB1Fj1XP5FOH9jaRrxdrvtlNju7aA2kGjpYeimbUdAv6Ixg6QcIscynZwRt8sz0Ngknj5MiTnsNZonpkGDDvh0M8tea0VGrBAjXloEuGwQadTbwv7aKwyiL6azMX6LvcbjfSXfs5mbKrY5tUdFKBPoo3050sfqk+U7rYUD3sBIO40+iirCxGyR7yDuoTjmZsjjBImN4U2Aoscc0SYmyGdueyIxNA1GPitTaSHZSS5oBJYYO94sYKn4nxDunNZnDjE5twJtJQXj/bM0GlhDKjnBzbPBLZGrhyuqnU9pjPaWzyNrJMmSTuVOGdAkbpCeq+zG3sUUuZ/ZPaANAmsup2sQ0L2SU1OFA0FPFKd0eiaJHJhKfkSBiDaIMhOFMqUBOgc0NkIX0VSqUb2CJOqDkqOJkqDyxuEIa8Gb6W5Ej6WPkvS+y+NAyOB/iDb0XlTidv7rZdiq8h7NrOHgbEf+Nk2jZiyf8Alnr7Xg318v3Keajdx6AqrwylFNs65QrYS7LWZg0nDl1/sonYSZlzr+H0iD7q4+NgfvqqtWuW20HPWPWfqqn0XrsxL++w+L7qlkcx7wXCpGUCc2e/5mkbAkwLaRoMfxEMdcyOmtlkvxCqFmWo0G5yknYggg21090BpcWrPaH1KlNxM2mKlpAzCIjw2hVXjvNj+0dOYv7j0hnGGPe0A5ROpBAHsiTccXGczcujR0Fv6ryccWmJ1HXRHOCcRdUzNa9oLR8z3Bob1vc+AWWMFp6f5LbcfB6jgqYf4c1apYUf2QjhPGaVOkGPdTc8bUySPe8z9UTwmLDhI3mPJdmMcdaOdTosNc1hsEO4njTMC/ht4p+MriI5oS6plvKw8zk+P2L/AGXYce/uYjqpmT6bJowpqEkQT4wVXr18yjbXvb13XEu03p9o3ymvRep0X0zcR5o5w5+51KA8Pq5qrWuNt5NgAi2FaJhrgROoXT/Tp78l6MvJfww13qdTcNNSqL6wAgn0U9Jw21IXcOeWgJ0Ub3RYqozHQYNjeBKmdiA6PuENommSQSCAgPHsNTcBUfTPe0yMpbAeSL5QTaDfVFcK6CRmmCk4vhRiKNSk5xbnaQHtMOYSNQeaD7RF0zwvG9pn1HveWkOcTE/k6dY0Q2piXOABjVzibyS6JJvB0A0CkxvDzRrVqReHmlULSRq4ah0crj1UQWZJT6KsuSm9MY1hPNWKVFMPip6MdfvwUdlPsmZTClb0EpGHw9E41fFLtsPiPg9Am5hzUZkpW0yoAlDk01Tt7J/dc0/DYF9QxTa9/wD0MLj7aKbSAlv0QB5KkyytHgOxWMfH+lkHOo4D2F/ZHsL+HDz/ALlcDmGMP1JA9lPJlixW/gwLaKZVpDTfkvXMH2DwjIzB9Q/8nQPRsI5g+EUKX+3SYzwaAfXVTssWB/LPDsD2XxlY/wClh3wfzOGVvjLokeEr0Hsd2BOHcKuIqB9Rswxs5GyNyfm35DxW8SiEyLphSMDE7u+i41B/ZJPT3RGM93TRsqmIYCdNN/BWc589tlVxTDrF+f8AZZsq3PRrn2ZHt7hA/DPsJBn79AvImuIXufEsN3jHNJ1afBeJY2hke5p2JCXg0+0w8iU0mS4PENDh3gJZeQ0w7S0E6XjyS0cbfcKjK5oW6kn7Mipo0dHiobMXJ3JvIW8wnauKbTDSWtDQQdvDnqvIC5WMPjnt0cf29EFLXobzT9ntX+b98yQSdpO3RVMRigB8V155wztKWgsJdc620/bdXf8AMhIh9jyMrncjiO6dbNOLLKWjWU8ZJMq1hMYL2WMp49w1dAdoVbw2KcDqslcK5ZoWWaRuWYTMZgyR5QUb4bh3MAytHIoLxHGU6fdh+bMabScp08VLwrGhwdLiIiBMSujxsUYX+5jy1Vr9jRYvDSRLbGxhLQwhZBmRyHJUaXEw0RM+KkZxGbTK6Ca2ZtPQH7dZqZp12H4R8DuYJ0KD8L7UuY0tMEG/xLXcd4aMXh30JylwEO1ykXBjfwXg3GxicO91GqC27sri2M7QYBFzb+VnyY68vKWWRknx1SPSH9p208z3OAb96AaoXxT8Snmn3eHY4vcQMzm6SYADdXE2hebMJkSSY5nQLZcGbTwbBi60OxBH/tqX/wBc2FeqNj+lvnygxD+WV3kX4AmIYW1z3+bvCTn/AFBxuR0O3TyTGgpaeeq8uAc9xM2BcSTrotHw3sjjalxQLRzfDfrf2SuvwZ6Tp9IBU8MTortLCRqR6ytrgfw5rOjvazGjk0Fx9TAWgwf4eYVsF5qVPF2UejYSbbCsNHlxY3n9+H9VfwPBqtT/AG6NR/g0hvqRHuvZMFwLD0v9ujTb1ygn1N0SayEdDLB+WeV4HsBinwX93THUlx9Bb3R3BfhywR3tZ7+jQGD9ytyF0I6Q6xSgLheymDZEUGGN3fEf/wBSjFOi1tmgADkIT5TSUrLEvwPSZkkDxXGyZEHAJjneCUN5roRIMgpMpSlyU9FAigdU5RNJ3PoFJ5I7AABS53TmMab7dUi5AuK9XCA6CAfD2XjHbLgdRuNLGtLu8IyxvM/wfRcuSpJVtBdPQAx2ENJ2RwAI2sVVIlcuWldoyvpjMiaAuXKBOhKx5FwVy5QBap4915MzzgxebIhheLFonUrlySpQ8Uw4e0ffuzPd8UAeQRHDcSggrlyqqUXzTD+A4oxwmbe/ormG4iCQGuB8P3C5ck8mguUW8b2kLPhp06lZ5Hy02yPBztG+ZWHr9jeIY+s6riHNotMlocc5YNmhoPvK5clWWmxHCC3DvwqpiDVxD3HcMaGj3krUYHsRgmX7kPdzqEvPobJVyPbW2xdJGho4Rrfla1vgAFZbTXLlNaAStsnhy5cjNNk0PlIUq5OAQLoXLkrZBJKWVy5BIIuZc552XLlYATKUvmuXIvoA0sCVphcuQCKSklcuUIf/2Q==', 12000, 1, 2, '2020-08-08 13:38:36', '2020-08-08 13:38:36'),
(47, 'Boba Brown Sugar', 'https://assets.pikiran-rakyat.com/crop/0x0:0x0/x/photo/2020/02/21/729361646.jpg', 26000, 1, 3, '2020-08-08 16:13:02', '2020-08-08 16:13:02'),
(48, 'Kebab Sosis', 'https://selerasa.com/wp-content/uploads/2015/07/images_mancanegara_Resep_Kebab_05-kebab-sosis.jpg', 13000, 1, 4, '2020-08-08 16:14:25', '2020-08-08 16:14:25'),
(49, 'French Fries', 'https://kirbiecravings.com/wp-content/uploads/2019/09/easy-french-fries-1.jpg', 30000, 1, 4, '2020-08-08 16:16:49', '2020-08-08 16:16:49'),
(50, 'Cinnamon Roll', 'https://laurenslatest.com/wp-content/uploads/2019/07/Chewy-Soft-Cinnamon-Rolls-13.jpg', 26000, 1, 2, '2020-08-08 16:18:59', '2020-08-08 16:18:59'),
(51, 'Roti Maryam', 'https://cdn.yummy.co.id/content-images/images/20200316/bQeI134KfP5ncO3cCroRTseNON30689m-31353834333431343133d41d8cd98f00b204e9800998ecf8427e_800x800.jpg', 17000, 1, 4, '2020-08-08 16:24:15', '2020-08-08 16:24:15'),
(52, 'Nasi Lemak', 'https://i2.wp.com/resepkoki.id/wp-content/uploads/2017/02/Resep-Nasi-lemak.jpg?fit=1300%2C1300&ssl=1', 21000, 1, 1, '2020-08-08 16:25:22', '2020-08-08 16:25:22'),
(53, 'Nasi Goreng Gila', 'https://i0.wp.com/resepkoki.id/wp-content/uploads/2017/11/Resep-Nasgor-Gila.jpg?fit=1300%2C1258&ssl=1', 16000, 1, 1, '2020-08-08 16:26:22', '2020-08-08 16:26:22'),
(54, 'Ayam Geprek', 'https://i2.wp.com/resepkoki.id/wp-content/uploads/2017/11/Resep-Ayam-geprek-jogja.jpg?fit=1300%2C1213&ssl=1', 18000, 1, 1, '2020-08-08 16:28:14', '2020-08-08 16:28:14'),
(55, 'Sate Ayam', 'data:image/jpeg;base64,/9j/4AAQSkZJRgABAQAAAQABAAD/2wCEAAkGBxMTEhUTEhMWFhUXGBYYFxYYGBgYGxoXHRgYGBgdGBgYHSggGholIBcYITEhJSkrLi4uFx8zODMtNygtLisBCgoKDg0OGxAQGy0lICYtLTctLS0tLS0vLS0tLS0tLS0tLS0tLS0tNS0tLS0tLS0tLS0tLS0tLS0tLS0tLS0tLf/AABEIAOAA4AMBIgACEQEDEQH/xAAbAAACAgMBAAAAAAAAAAAAAAAFBgMEAAECB//EAD0QAAECAwYEBAQGAQQCAgMAAAECEQADIQQFEjFBUQYiYXETgZGhMrHR8BQjQlLB4WIVM3LxB5LC0hZDgv/EABoBAAMBAQEBAAAAAAAAAAAAAAIDBAEABQb/xAAsEQACAgICAQMCBgIDAAAAAAABAgARAyESMUEEIvBRYRMycYGR0bHhBUJS/9oADAMBAAIRAxEAPwBikK0jU+QI6lopEspz2gIcL3BbBNl/h5nxpHK/6k7dx8oQuIrkmSp/JiqeRqVzEH7XKIUFIJBTkRoYKSr5lTk+Ha0sf3gUPUgVB6iE58Iyj7iPwZvwj9p5rLKVYlzMRV8JDlnG/wBtBA3shRKS0pTDJmIHUAU8oYbw4ExuqzTErSatiHzgTP4PthIeS5ACQRhFB2z7x5zembyD+09EZ0PREBSlFNQQQTiZ8tRkajOLNutapiGxKK3ACWoEbUz/AKg4jgWYGKiiSG5itSc+gEXrNLsVjqgG0Tv3GiAf5hy+md/FD7xbepRB3Z+0k4ZufwJf4m1KZLBhqrYAamKt529dpmY1BkiiEaJT9d4xS7RbJjkFZGQAZKRsNBDFdvCKqGaoD/FNfcx6GPEqLxWedkyl25NAtjlMHghKkrV8KSewhrs10SkZIBO5rF0JAguEDnFKVck46Adz9Iso4bVqsDsHhljTxoQTOZi8OF06zFegjk8JSv3r9vpDCTGo3iJlmABwtLGS1+30iNfDI0mHzAMMJjI6hOsxZ/8Ax1QyUD3BEYq65if0v2MMsULbbWUEJqTn96RjEKLM1bJ1A0qWEkFdAM9/SLgGM41DlHwp3Onn8o7TKSHJ/wD6UfkOsSIWyfFIoKS07neIzyY15/xH6AuVrytCkIwu0xYq36E6JHX+4XbPYlLWwPc/OL1oSpSiSXKjrGWy0Czy8IrMXkBnt5Zwx2XGKHcxQWNyWanGpNnlfCn4jvu8XL7vJNnQJaPiYZaf3t3ivKV+DkY1sqcvTr2/aPnAWyOomaupFQ+qtT2GQhA1sdxlX+ku2NJlpY/7i6q6dIYbG0tKUCq5lT0SP7p6wGsFmZJnTMjl9+0F7nQXE1fxKGJtk/oSPT3hi2NQW3uLaMwNYJSpIAiOyWZu8EEy94oESZQm2eBy7G8MDBorThtBTID/AAZSaEg9HHyjcxc0D/cX/wCx+sWrQo1i1dtyLnspboR7ntt3jRMgGXZVzVYUArV6t3Jyhmujg1KeaecR/aPhHc6wy2KwolJwoSAPvM6xYggINyOTISgBKUhIGQAYRJGox42dNxqNExomOnTCY0TGoyOnTUZGGOVKjp03HJVEZmiKF4WxuVOe/wB/OAdwoswlUsaklrtn6UmuVN9h9Ypy01LM5HMroIqyz1JJavTboIuYQgUqrTvEvIub+CPoKK+Gdy5AUWPwpqfqep9orXnaX6ABgNhEtqtKZaCCrqo9YBynnLcvgFTBFgi67/xBC8jvqTylADxlkhIBAByP+TewHWOLqsuJarXPolLkA59Ceuw67xOiSZyw45EnlToTuen3rFfie21TIl1ANR+5eg7DPv2ibgSbaP5eBBtqtSrROIqHYq2Qj9KQd9T1JMGrFYcakywCEUPdMD7LZghOHMkus7k6fegho8QWeUMXxKzrkn+IbhWzcDKaFCUrxnImTMApKlB1NkW0/j1i7cy3QZ0ygqv/AOo8gwgOqxFacCKBSxiBPMAageSX8zBK/l4EIkpybEfKg/n2hnHk32gE0tSKXk8bqYhlLOUTQ24FTajSIpojrFBa7bA3MrPQbf3BDcE6lO7LkD45gfZP16weAjbRkGBAJmo1G41GzJkaeMjkx02YTGnjRMRKMdOkpVHCpkRFUQTrUhNCoOdNfTzHrHTpYVNinMtBMRTrejCS8L9tvtJK0pJZIONQfP8Aanc77d4XkyBFsw0QsaEMWq8QHDimf9QGK1TVAuoJSoFk6kfpVuK/D2ivYVKnqcslIolsyKZH+fTeDXKgYUgOM203A67mIAMmVrPwfP5lRKYxQkktOEkvv6U+j+fSOZ9p8MFRPMcug36mKVqvGXLTjmOUEkBtVAs1NmL+msB7wvJ1FS2xfpGw3UPkIYXVfavQghCfcfMmnTFTVJSA5NUpOn+S+gg3JswQnAK6qJ1P3pFa6LL4aPEUHmL3zA0f7+UFLFZxVSjQVUesLDE7/j+zNIA1NzF+DLKslEU/xGp+9YVJk8S/zVMCpwh9BmVHyr6DWCt7WozCXomj/wDEZJHeBMixi1zQP2qAIbJI08yH8hvG5dDiPhhYv/R+CGroFUKZwK/ypR6vQd4kva04117t0HwjzPyMXpyEygUvQfF0b9I7fMmBt2yTMmYjqXbYaekUEBFC/KiQeTFoauKy4RjVUn3UYmvKwpnEsWWKA6FtDHUqcDMKE/DJHMf82dvJx5k7RzIg8XmLeDECMWqMSwEXLusmMufhHuY2p1ye6rF+tWeg/mC0YBGQ0Cosm5kajI0Y2ZMjRMYTHBMdNnTxwtQAcwEv3iaTZ+V8czRA/k6Qg3xxBaJ/xKwp/akkeu8JfMq6GzHJhZt9CPV7cVSJNMWJWya++QhYt/HU2olygOpL/KFRmyzgfbbThBJUYnOV2NSgYUURhtfGdpAcqA6BP1MLlqvWbPmGcuYt0ihBws7OAxpHEy0YcC3xA1UzEjYxqStKwUool+ZWT1qY4MR3DKL4mWe/bQl1CYtSUgulyc+pByzptFu7rymTlpQseIASrDzByc1LNXAfLrq7QBtU9cxX4eQMZPIGFSXIGHY7nJoYLZeSLqsvgIVjts1I8RRY+EDo2hGg3qdo3ILrW4APG/pG69eJbPZVCViHi5KUP0OHY6hRDdhGXLbU2gky1ApQkqUXoGdge5+UeK2ayrmcxUwd8SjUnU9T/PnDNNvtMiV+GkoIxAeOt/iqSkJbJNXO+WlTKMFpTs9xa8TtuvEcLbe8xSkKtGDGHMqWAyUD9yqmrDJ4l4Xu9Q/NmEB8S0oYl1EuVTCak1G2ZGzKvCdhmW20hioIQxxEuwyJr+o1A849Kn2mXIQZpH5SaJANZkzQJfOtB5nICJXFGo6/pCmM0JYrV8I+u0bvK04EiUN69TnA1V5CSgTZ7InTS0tLg6Py9A/me8D5ilLUyjVjiP7U6+Z+8oIOBsd+P7gcb0evM6kJKtTzElzWn6j20HaGqwSkyJXiAALWAE0Y5Zkdq+gijcllBIcM4xF8kyx8I6PmeneJbfbgsqmH4RRI6D+SYZhW2s9CBlbVDzK94KxNLB/yWemYB7msEZK02eQqcoVA5RudB97GKN3WZS1V+JZdTaD7+UR8X2jEtEhOQYH/AJGnsG9THM123z7f3OC7C/PvCFwSymy4lfFMLk7knGr3MEZSY4KMKJaNg/rWJ5AinEKURGQ2xgeXLKiEjWGOzygkBI0ijc9nYYzmcu0ETBqIJM6jCY5BjDBQZhMcExsxwTGTZomEzijixnlWcuagrGnaIuLeJMRMiSpv3qHyBhOJ2iTLmJ9qyzDg8tIVYsQ1zJOrxtS6hq9Y6wsIrShiIABIyYe8TE1KquVLZaDm7ByPIfWAN5TTgKSXJ19oa5VjmoUFFDgEMC2Wr1iS/rTZ1SBMS1QSnQg6hswoZERq5KYUJjJYguy2dP4VKX5ihI82ilIknCQlwCDhPTcD1iC7VrxABwkcyjoXo3fKDNmllbgAv8h9BDW9s7GvKDLsmqshxSG8SoxLGI1zYaGBy7GFTFLXzKUSVFRJcnN3gvflolSUsmYlczVKT8NTmQGhZ/1ObRQIFXFBofqIci1sxGRl6EYJNmUQSEhSUfE5ZhlSoL1BpAeZKXPnCXLGJaiEpAcV+gGvSJ7NMJs05SjyDDi3KisFPc4q9smaHTgW5TZ0CatI/ETQGf8A/XL26E5ny2jsuUY0uBwLtGS57BLsdn8BKgAlJXaJjsT+5i9CchsICWa0Kti1z2CJEgfky1cqQlPxKI/cwbz6QG4nvJdrmpstnP5QVzKSaraqlHdI03LdII3ta5UsJskskS0BJtC8zk4RTfM+Uee/Lrye/sP9ynGB3/Eszr3NpmmcRgIThkS81JDsg7OXPvtBMLKVJluCsJ8WaHbFohHQKV6AQEu61ylTFTwGly0KKSxc0AJI3ySB1MG7rl4EKttoAoCW1Wsmg7CqB0cxlm/vCIH7Qra79TJwyFqHizRiWoBkgFsKX0KmoP2pG8SibjKUjJNVf/Efe4jzm0KNoVMKiVKmLdx+6jNs1AOjQ/8ADMkmaLOxPhoQqYs6qL0J3b5iKFycV4fPhiXx75RrsCfClmYaE5PoPtz6QuWOV41olH9xUs9hRPzPpBK/bxxJKEakS09X+I+gPtFm67MJcxag35UpMsf8sz7qhrLdL8+VEKatpenKdZ++kWJIijILxflCkWCTy0hLAAaRhjRMaJjZk3GiqOSqB1uvApUAEkjU7eUZNVSeoRJhP404h8MeDLPOcyP0iD5tbocFneu1WyhEtHDxFpSqcozZS1EFQOFSVH4cQ1S7Ch1HWE5SSKWPxIAbaLYJxOQT1+sSJOb+UWb+sgkTfDBdJdnz7QCmWthyh1anRIrU9Yk4m6lgNi53eloIAQmqllgMs4YrvsJlyiRhxhNCagHyzhFtU/CHKnUCKnM55bbxetl9TUSkh1UcpLUIyEC+MnqEGA7k983osLwE43TU1D1Z/aAKbIqY6lHflGVDrBOz2GYZeKYOZQoNtQ5847EvCkJYhWo89Gzg0IUUJpTls9ShLmMGA1y32EW76tk0Slpljwihi4JBws6q76V1yie5bEmYQpVEgHE4+FiSSW6AiBE+YLRalLmJeWSyEh0pAAwpWQ5c0dusO1+Y+Ik2PaPM7uG5ErCVzgVLW6qqLYdy1ST3hgmWZOHC3IGoOmTA0isbQtCcQkEpSHoFAMkE1Yuw7iBcvi1RmMUpCDozGuVR/cIPN7IjBwSgYa/0RU1BEgJZLFSVBwQCFOWFC6RUbF4DcR31MSpUhKsKgEicoaqAAwgvlv1Ji7e3GEyWBLkKSkqfEAmqQwAJOWI1yqw6wDlpCpsvlKlviUP3EMzjLP1hiKCoLRbnZVYduyQbFJ8ZVJ0xLS0nMJZycxUAO3aAd422WhakJxzMRVidVFuXQotqxDszl8hFrjOetU0TLT8WAeFLAdLAssLyKVAitHcCA1y2UlbEVBD9IPGvFS7VZi3YswRehHrh5CcMqzLWAkfmzlEskAEeGkEgOXL017GL/Ft8SrQpNmSpkILAj4CWIUX6USPPeKKJeNOE0WpmydVRQKOVAS2uUUb5taVEqBxJBCQtqKXhAJbegyhQxD88e2qEu8JyxKEyYqqUOQ+pAPtDlPt/4axnCMFptLsTmCUjEquwLdCrpCDYLUZlpkSpYeWj/cGQUMTqJOylAeQMEOIb4M6eZj/lpGBDh+QakaEuVefSEsjcrPmbQIqNXCtr/EmXNmJYSAVK050/xl7w02HEJJWo/wC6rGzV1dy/UUbSEuTaBZ7DKGEpXOmJSoDNjzLFd1KAfrDPZbe+BJKfywEHCXD5u/mDD8TW4B+fBJ8y0pIhqzCL8tUUZGUXZWUXCRmTmNRhipPtTFgQ8dOAuTTlsIXbbaSVBAzUWr7mDq1hnNTCte15y5SlHEAuYoS5YzagcgbCpfpANuOxKbhG0LSlACMhmTrvAy0zcSHQQNHJ/mB17XzRKRQaElqZQLVa1SZScIXM8QqbAkqIo7ttT3EDk6sSo4yoi/xLfXjKFMMyWrColi/KdPX0hek+KFB0kgjSrvqe8F7tsomzFzFpJculJGnXrBCZa0oJKwwAZjlXLLaJjk3UIJ5i6qWZYmTjRZAShOZBINaamgaKvD9mmWmcFTCoy0VOI0J0Ht7RTvC8lTpgwsM2H30gsmeuWCELZ2JbbTODKtx+8WGBa/AjZeBCUuXckas/YQvT5xKhMSFEgLASCxD/AKgSNG9CWaLSLySpAWsA4aKLj7HaA1hvVc+cwSgIejuCCAcJBGvSJ8eMrKcmQGh9ZDJk2qas45hleK2IJDULAAjMk8oqe+sNt1WGVLSOQBQDULuoFiVA5ZZdc44RKxnCo1ApWpc0H91d4oCb4ayFKYuSVeRGFss9X9DGsTkgqoSOJVglpmAIIcBQU7M1CE1Hd48ateBU2YtNUOSkClDkACMujZCPQuIkLlWOXOQQuWFrTMlgs8uYGc6kOoJdJGpo9FWxcPiZzImSwgpJHiLZshUgE5lg41EOwjiIjN7jQle6LgmWk0ISS5ClOxOxOldYuXZYZkmeghWBaDzODykZZAu51yi5wzOMsTMbJSKJUXIcEgimffZzWDF68UyFJShKJailWITAliCyQ3+aeVyGGQjizFiPE0IoAMUOJbzVOnKxywClRQVYSCySWd2IJeoIyCWyrHddoVJViIfExDu5FQ4O1NYtSZKlKXMU6lKUVk6l81HzMdzcIKSwOEs24bLWmTwy1I4+IviwPLzGrhyT4pxVUAhSksP1JLEAqLKIBxeTawsWq3JUZilgAhKlJSRTxCWFMqcxbcCLkriCZZ5clSCQUk0AdOEKdVKVL7uXMV7vswmrTLSoKSgmdNWQ4cthfdKaO1KdY1gOIAhCy3cv3Wk2azLCnE6YUgkv/tEDENgRhSHz51RXtFodKUqbEpVDoEjNxrn7xx4gIcHU6nM61OeXkBEtyoC5q580gS5FSVFg7sPUvT/GFEcjuMB+keLLYzPtsmXMXjRZ0KWsZJdizgaOoxTsV5+HaSslIlzlE4Qfhc8r7NQV2iS4r0ly7Ja5yljxlgJZ8xMU3Lqwd+kCk2RS0vgUKYnw6bsdInPIG4em14nrF3zXDekEpRrCVwfeOJGBRdUths6dD97Q5ylZR6GN+S3POyKVapl6E4aFt6t6nNughWRJWicmaAWBYvQl6USMvOHOfLBFawPVLC1YSCzGuUGRDxPWoBvW8FhPKkjSue2mkUTdcqeULmygsywSkl3DmuRD5CDngIClBRCqKBSaHfLXyhY474gmWezhFnHhqmEJStIBbIk1epDiBuhLiy8KUQla7qQuSk+GkFLgOMg5Pu/vAHga+JEydPlKI8TFhGI/EkAUQdgXoO+sGOFp80Xcg2lRVNWVsFMFKJUcCQP+IHZ6wj8Q8JmQPFCksSCUk1CyXZBAD1c6ZGBc6gc2KlZatksSLROQkMsnEh6gIL6/+whN4lvAqPgo5lqVzKGp2HvWCtoti8AK5hUtikOXKRs5q+tXgRZ7OlJxAEqqxNTE6AcrnPfGpHZrrQlVfiwN0chjnFeZasCmU5IAD5igDR1ettLivMNe+kVZJGIlSSaBqA1zc7f3FFHsyckDSzmdaDMwpqEg1AOblzTKG24ZCZDUdQBIGZD5jLPL7pAy6JaStUwoqfhDPUVJD5f3DHdS04zyjF+4jM7D1ibM1+0SjCle49yolAXOBGJiQ5SWJDhwHGecGP8ASwVGWUlIYqBUMLAAs7Ud3D5UOUS2daE8xyYmuXnrAe/L9ULOpj+YtYSCKHDU060Z9MT7QsDkaEYTQJgDiPiczkmRKAEohIKquohQUcLnlBUB6aRDwzYpqpicCXYhwTykivMP1Dp5RUs0kYkjC/MDhGo1SC2UehSlyLPIM7wQHoE1ZzlkfibLrDWcIAqiIVCx5NAvEap0tGFJQpU8LKhUEEqJOEUFXLZ5Qq3VYVPzJIi/es61Wyd4qlBxRPNkE5F+m8HLus2EAn4jn/R0eOZ+K0ISrzazKslKsKlBDgJNdkpziK8EypcpytJVUMCXKsyHAaGy6nSpJSrAa8zgM5Y1PSFLjS6pabWoJUBhSMaEg8qiSUpS7u4UkuCRnvA4abuFmJA1ObTe8ubLlSUSySCkqKmIevKnCHYkuSSTygUaJ7vkLTImSEpAmLKSZhcApBUVDJwCcDdAYy5bOZUxigAqS3M7io96docbvudSkE4CpwSGBoHbpX2pGvkN0s5FFW083tq5kqa0xISWBS1QQcmOv/cd3nb2ssuUFcy141JGwcAqI/Viqx3PSGriuwlapM5YKUocKIrQqGE4Wd8RqK5ZZwl8RJJtC+UpAOFIIKeQUBYjLOsNWiRqJcFQdw3wsg2leFX6CnEB+tzmrbV1bEDNoZkW1a/yUBgg8oHxGrGrPoNYVeCrSiXbkM6UqSlCkk5lgFhsikmoB6bQ33mkImmZJUWWgcxL+QJAdsu4OWUbnUcL8zcJN0ZJdE9UqeJilUJShQJrWgbcCmWUeo2FbgR5GkpVKOMErqUqDODmHfT3j0rhq1+JKQrdI9cjCvStRqZ6ldBoyqMCja0eIk6V5jQP0i7eFUs7QG/B4i2fU/SLquJxIDsypf1plpmSwRjWpYCUDU6nyAfyjq0XOgoecqqSFJxNhB09z7xFbJaJC1LIKghOKlS7HE3kPeFS9OIJ9qlldnQJgDkJUcNKlwiipjeUBrdyxELflOofkzErtqEAuJEqYt9MZKU+oBPrCNx/PM23JQ/JZgFEaNgxk93UgeUWuC73V+LAWoupKpagqgSSzADuBFria7ALWtbAmclLYsqMkvtln0EC9BdTmWmqK12SBNU6w1H+lN4g4gWiTiw9AkdYksVlUgzsJSUoKeUvXEogBJGRFIXb+nGasKAISzBJbNzUN0b0idFt7uZkek63ObLZCpQKq4q++u0NlhulPhlVBSjbZOqlH+m8J93zJmJKAogEhxu2nnl5w9BQS6QcSNCQA9fv0EZ6hiOpnp1DbgsJAIQxSoDINVttKtmP+iNgmYhgLAjOtEjOvRmilff5hSJaCQlBJIBoHIqWyB1O4EULwny0pZKgpZ5VanCyVNsRUVzdJFBmKLyG4x3owja7+lJUoAnEgtRJKThJYGoYFhk+cKU+8JiynEsqwuQNATn3OQ8o6lSQpaXUBiVUaBLAuT3JHlBaw3akrolWEU5c6lqkinnDvagkxLZDLtxWOWpKKq8RipROT6ARr/yLb1ASJAVTCVqSKCpZHmwVBiy2EJSCVEB86O9MyK66bwrcaWWbMtS1JBUgBCUs5YBIDE9SCfOEYWByWY/OpXHQhq4iESk4xmE7ED/lXdvfsS4Z6DPI/wAn1ZukB7sUVygCnYHNnA9snhhuSyYVpE0skuRQuWan3vCnO45RqW7llJxqSsFVDy6MQRU71yPTSFm+rAZ1rVMDlRCCoAMykgJZmpRKaB/owyr8sxUUpJU5w0DpdJBIJr18j5wBv5cxCjPkqxFRONBBdiXBSobMM93B21SVHH6wDRNmXMAEwEkYwda1OpeGmYoICAJkw4XCpYPIrRgSWBNaENQF9I88m21SilapZGIjErEaAZ6GpDMfsHZtqQiWpWMLAqg8zjExzIxdGOw2EcEINmaxDChKfFM82hUlSZryinnZksoFk4khRcUNXZ9qRJxFdQC7KvlWFIKXILli4xAVJYmtRGrlsmJaVKLKcEAZgDIGDPENrCbdZ25gmSlakYQAgFYBJILYVAAMK8sM/EJv9IIUCgYvW25UonSpiQClSkpU/LUKYhyeU0NT0hiv1SAZKUKc4SVhVWBYJKmJq3yGcc8VWlMtcpcwskK5UseblLtRnDjPJ9YAzryVaFlTYcICUgftqS57594JieBEwAEgiE7CgJZWIO7sxOuvpDrwFNBStALhCqFiAxqzHbKEqythxIcKAHkd4Y//AB/OKZ0xCs1ModdD5wvCacTM4tDPQbVLf7aBFttuA4EtjIoFKb5CD0wQAviwGYtBHT51j0WYgakWNvED2tczCtJQpOMEYnBz6hmhTtF5iyTZaAACoE4swBiwpCBliJBqXDNSsPN7SbQtREpKVICa54nrkXbaFm1yFKmS1LQkYQUO2IppTTl7/WObQ1PQxOeO6kdmu3xZqlzLKRNSpQK3ASQ7hQ/y8tKZxdv67J03C4YpriDmvTvr1D6xZu2+E5FQRMAAStYJSpOmMAioydxnBBd9YQfGVKKmp4aiXzyQz+5juPgwWLg3U8rVdBVNUSMIGEhId8TsTWoFD1hfvOxqlrBWPjJwucgMgewj0SzWpMxapmQJo/zPWEO9yZloLlwkkJ9fpCwABEvRuCvDOINmC48qwz2G+Z45k0BbmYYtC4IDpcpehdhAGUFKWQKk0fQDUk7CC6LOUqSjGokDmAYANio4rk2e5yaFPOxefpJZyp01eBSl4EsSNMqcooDQdd84HS5CTPYglAcnIGj75kwUttpTKcoU5Z2U/uaQFsFpVMnYmdFSdHIyI3z94FSaJhPVgfeERd6DjQZYKjQNm/fah7xdsNiVJSVeLhSAcnr30/6i/I8OaMzLNAEgCuF/iVR9u8K/GNsUlf4cMyWKm6/KjQnHbtxjcnFF5RmmeHOCVS1jCSEqIJOEChKk/EB5OYll2dilOMYM8Qc5ks/7SWyNRC9wVYVeGpZJAJO4cMx7hvnDZZCSlYccoFaOQf3bkGg2B7QGRPcVEJH9oJk0i7xKXiUSyQSAAKnCcLhxSprX3gHxpxQqU9llPjD41kvhxAEBB1oXcUD7uzRYKpUSWSEKdeQTQ75iPIbfa/xNrmTQnCJiyQnYaD0EM9OvKyfEVnYigPMJcPIJmDFiKdQOgp5ado9FsEyVOCEMlKTieoVQV+EaMCYWOH7AMQFa6fekF79C7GykyAMYUUlQc8o1qyXrtC8gORrqNUhFoyLiOZKsklUnADUupYBJJwqTh/xA0rUqageFSyzhMIUscoyAcE+8XrUDa3XNUCXcGrJ+IsHAOoz/AIixYrulhZSVhTJflILqcApDsHD17GGlgBQ7gKCTZ6hG5Jy2XOS6agJ6fdIYpV04p6ZySf8AZQkp0UUrWt+YZBxkc0wFuy3JUnw0pJKSxJZgKNXeHOesS7OpaRVCHFejmvrTq0Kx3yMY9VqeecX2kT5wCVYkS3DPyu9SN6UeKtlSahIzZ2846UUKmqwABGNWF6cpW9dci3pF6VZ8MxkEljSCYwQJLYUqdgrMEEfWGy4ZeC0yPywMaFHGC+SlBhWmVQauIXJEtwVFyS7jWmdIYeH5Z8aSQrEkFQZ/hcPTo/yMZjPumZR7Z6QuIgMzFhQiraiQHEerPLXuSrUEJYCFG+kpJxN1fIjzEE7VaVMQfnAS2SzMSUaKBxHcahD5mOlWNa3IroloXL8RAcLDg7h6HasAuLb0EhHhpYTFPk1B+pUS3leUyyok2eSElLpQlSifh8tW19oGW+xy/Ex/HNU5BUo5DQtRq5NpEeb1Ix1Y2ZRjxs571AM68EoSUIrX+GzihdUpBW0xRSVUdsn2fUw4GQmWzJSCRVgM88/vIQs8RXVOONeE4BWgLCrk0fp69Imx+rGRqOo3J6cqOXcu2gypRUJaSVFhiGZpTLL2yiJdrCUElIqoqL0JU2EEjzPvABFuXLNTiGTu5P8AXWOb0vLxKIBf2fpvFAxmJOVakU9ZmLwjI1ptrDLciEApISCzYtASRQd8soX7kkLx4mL92pq5zaGuSrw0YQKqL0NBloO2faBzV+UTMQ/7GS3hLRgJRyqS+7H4eYnzUGGwhQlXYSsqXUkuTDQZilgSikEB2OpUpnTmzDCPU+XE2WsKI8MjIULlug2hfLh7RGFeWzJ7KjlACQWZy7NvFyyAlYwpGEgggtlQmvcD02jViQkApAYF6KfFVt4ITJkmypSuctCA/KCS+LdgDkzs2UAt9CESPMTv/IV+l/wsoskf7uHI7J7anuOsCOFnlK8SmIOwIdww9GzipfFqFotUyYAyJk1a0jYE0poSznvDVc1jSgobMpL1epy9i0VOAmPiJNjt35GHbsCRIm2hRwflkilSz/wFF+kIN98TTLSkCoGrqxE19hHo3Ed3zE2VJSUgTZcwJJJDKCCGKvRhlUR5NZrFiSFJ7EQOFQLLTczMdLHnhJINnKqMpTaPk/eJJnCKBNCgpaZSjimMThDNieuZJOjBx3ibhKwqRZlKLcxOEOMxQFtasPOGD/WrMJYkrQSopKFIS+MqUMqB3LjLYbQtb5mjqMb8osbifYrAuXaEmXiMpSQuWFzAsBgxBw8pKTR2diDDcCfwxSr9acJdk6VO5zy2brFCXYJ/jS50oBUlEsJD6gMVlThquBsQBuYNTrVLMtQUQ+EcpBfECKjQlLnyfOOe+W5oI46ifLs4GYz3Ge0XZcvYmnn846VMBA+XR/l2iWVJxNz013HTrvCdxgk1gQtPw71OXzhuueQF2iXNcE4VEkAAu7VbQuSOjbQp2VXOXTyl2c6ZH5/ejrwslZUoq/akAVpmGc60elK7vDsG2qIzmljeqIlRMqI1CPSnnStMlDYekDL1sIWgpdtiMxsRF+YpdeVID0OIuRu2GnrCbxVbpzqQFNmyU0dsnOde8Iy5xiFmUYcbO2jFKwzZq565U1QWUEhJpofixZ7axMkFR5gVAAsXYFqvp2ju77MQHUOZZY9AAWqMqkwUtVnlmUwPMSHAAyb6t6R4+fKXeewv1gm1ELRhBAXyqCau1PlrGLONGH4klDLAbagD5u4ivMlLCQUF1BQphZ0gkl9axTstqmAYVIVhSNNQc3BNT2gOAF0Yd3qBrfdiUNiStLh8RqB30A6RXsdjBCpgQSlGagRTrWvnDhKkEqTidUolNG/TRwT7RHeV1yS6ZXI5IVRqOxyNf6ihfWEUK/eTN6YXqKl1W9SFgD3YuA+m4rDLdtulqAK0VLvhL0GwheXdKnOEKIBICiAHIJY0OVBWOPw8wEpBZ+32IrIVtycWuoTXfEsWopSMCUg1JoF4ganJIf5wY/FCaCo1YuSGyfYUpuKQiybKsLINXY5nM6d9YZbvnS5IwLJq9dh8XMNqaR2TGPE7GzHuH5lolypS5ynJSE5aKNAD1+seb39a506Z+YXZyEu+AEvh75egg7fl/JmSvw0h1BeEzFkEMAXwpfOrOWb1gNKspdycRJqTm/eNxKEFnuBktzQ6nVy2NOIeICQzAJzfTyh1uy6iGAS1Dp5gV1gdw/YOYzFAsgYvvtBS230lKZigpGFCkskkFwEMvD1dQY/4kawBP4jRgHBdQTxxfiFylygohYUlGDMAAMoeWFLdj0hZsEhkCuZy2/kZwOtC1TZilsxJJgzdEt1ISpyXz2ocx6V6Q8qFWohWLPcfOGpc1NnnYSSDKwMAWxELI6AghPf5pt0XapSlWhS/EUCSofqJKSSroAR8odJlsRKlBSiqXgzV0KgOxBcMB06wE4Rkhf5jhlqKCKHCqpAz1TXaFYieNR2QAtcZeFFqZIWp5gASp6ukklLpyyofKMv6X4akq5VLUlyEhiAFEPn/AI6bbhotolS0LTMDiYQQU1NRQts+g6CKt/yk4XwjHzOokhbZMU5HUVqGjcgIBBgpR3BMkYlYgAXcsdxU1MbKwXIcZFgcukQSZhHUHMdY3IQ716V9onj4WsRI5sixDM/28PfCaAJRUH5i4faEewyCWS7qURkPSuUek3bZfDlpTsPeH+mW2k3qT7ahRKgQCMiI5MUronuCg6Zdvv5wRKYvkErTEwm8a2PKYMmYkaEVBh3UmKduswWkpIcGFZsX4icY7Dl/DcNPObbMLpVLQW5RhSzkDM5M/wDUQ3lZZq0vLmYVEspJFAk++LL1g3OlYHC5ZJwqCWbEkuACG7QMmTSgSwoM75gE0oSW3cx8/TBp7PKxqD7GhSZaJaz+YkNirUByAXzo0dJsnOqpDsWLOKVozxZWshyh1O7aVGVW6xKouQxClgAvvvXzyalHFYxq7jFJEhXagJUtKg7HCCxbInTU7wDvUBVGbFiALZEVNNmB84uWqzTPERiTygu4JZjQ02IpFe3y8U5w2EJVhKcnca/uhmFQWAG4GQ0pMrSpoANaClTkwYfKMkJSrmAzGcdfhwBys/UPnme8SuS5zrs3oI9MHci8RdswHjEKOFyAHBP3rA++VYpnKvFmOvnB+8bvxgl8tIFWe7nOg99YMMIJBIqRXNYkLUpJOFRDoDUJGY6Fq9Whsuq5UpJM4ggBLFJBzyqKP00gBNupwQ4xaEPT6GLF3XlMlyQpZcpJTmchqaN9WgHHLc1Tx1DN4LVKBwrBQrEAlRJIAIJSaMDUGntCVe1tmWhTNTES/XJnyZtthF29b88ciWwCcdVA5pDu4bUBNekC5ai5Io5cgeftDUTjFO/LQl27LIhCVLUa1AG5+mUMHDV1kJ8RQwhTBzQ4SxxdqfbwFs1kxMVKIDgU2+9ocbNJUyEsfCSKauAQwbeEZGsx6DiID4+tiUp8OoxYTLS1eVQJUp9MJYDtSkUOHbd4THCzkYgG5iA2IDQlz7wP4utfj2wlIoAlCewcn3Ji9Y5ZJSGLgA5CHsKWopDbXHe323CZSklgAF78xJCn13PdtoH261JW5cqJU6lF84smypXZkqU6FJWEAu/KUlTs2494Gy0VzCSO+E/8hrn7wnI31jFWjJFykhRBNGz8tBFizrQWSW+p+bRVkYlliCPKjVqNWgtZrKzAByaQoCGYe4VsZXMCjkmp7w8iBdxWHwpQH6jU94KCL8CcV/WQZn5NBKFFJChoYYJMwKAI1gLMkxJdloKVYVfCcuh/uHCJMMERypMSRyRGzJRtVgQv4kgxRtNyS1hikNBsiOCIU+FH7EYuRl6MRrz4Tpykts5hVtNyKlqd1BsiCQR5x7CRA233SlYNI83N/wAeUPPD/BluL1pPteeXy5s04pZWWCTzHNmrzH+feK0tSiSVOepL5Up6Qx33wvMDqS7GlD/H3lC7bJJRRVdH28oDCaJBFfaPchgKNzFIrGipqHLvHQmEpcNTcgH6+eUaxCm+0U3FUZwUBqRCuza5n+I6VNzoRux+kTu/dh3jJ0qzAdnBz/6zgTbpaf3NrhOJurgUrB1SHpENosaVfpLd/wCY1TUwgGK8mzJKlgH9rDXC1QD5+0GbBdTMSkEMTzUBO/WOzdIcEJ5H9+4rGrRJnZBVBWhPtsaDLYRrMWnKOMK2G7EpUMiRUJBCgB2HfLOLvEFvoEgAcjKAxUod9coAWWfOxJHh41vQuO7vm9Y4tn4gLViDuSSBVPlAoKMJjYihPmY56inJ6eVIZbuswSQJjgFiXoMOhFDTPKKf+mczsyc6AOXJV3LM3mNIO3Nd5WCV0Rk5Z6M9BWvpFDkEaicY49xllpPgKA5ShikMRMyA8kVBL/tDawCEkpTyqoWod9fKkFCsEeGlwH/UanY5h8vbpGIkFgCHfM5U6iEPuNXU5kSyEgqBzwhhuCQ/oadDDdwzc7fmrFf0jYRX4euQrwrmpYJ+BNQ31p8zDghDQzDivZ6ic2WvaJsCOgI20biyRz//2Q==', 15000, 1, 1, '2020-08-10 08:34:43', '2020-08-10 08:34:43'),
(56, 'Tongseng Kambing', 'data:image/jpeg;base64,/9j/4AAQSkZJRgABAQAAAQABAAD/2wCEAAkGBxMTEhUTExMVFRUXFx0YGBgXFxcdHRgYGBcXFhcXGBgdHSggGB0lHRUYITEhJSkrLi4uGB8zODMtNygtLisBCgoKDg0OGxAQGjAlICUtLS0yMi8tLS0tLTUtNS0tLS0yLy0tLS8tNS8tLS0tLS0tLS0tLS0tLS0tLS0tLS0tLf/AABEIAMkA+wMBIgACEQEDEQH/xAAcAAADAQEBAQEBAAAAAAAAAAAEBQYDAgcBAAj/xABFEAACAQIEAwUFBQYEBAYDAAABAhEAAwQSITEFQVEGEyJhcTKBkaHwI0KxwdEHFFJicuEzgpLxJENTwhUWNJOi4mOy0v/EABkBAAMBAQEAAAAAAAAAAAAAAAIDBAEFAP/EAC8RAAICAQMBBwMEAwEBAAAAAAECABEDEiExBBMiQVFhofBxgZEyscHRFOHxQgX/2gAMAwEAAhEDEQA/AHtm3yCijEQfw0JkYdfjWjrcjwofjUIEqJhCCNx86kO0GI7xnWIE850ituLXsRcAQIyS28nka4x+CFm2WuMQD946lvJZ3pWRGY6R4SbNlHETWeILaX7rE+yInKf4m150DxTj9xiGUhGjXJIDeZE13Z4e1ySVFtI8AIlj9dTSTEcOdTBWZ21oBjI54k13LHsVx0JcY3Bow2HUbRT7jHacqphQgj7x1PoBrUNwO21pszsE00ME/CmQ4naDE3LYMj2tzPv5VoI4uHrYLQm/CuJ3pzugyfdSI9/+9Mcelq+pUkJCFyBpt185oTAgvqlsnmCxG3lrQ2N4deF1i6gAsNQ3IiAvSPOjB0iuYARquoNYKDKGI9CYPkaa/wDiAtrlCZi2ixrJOm/KucVwrCrLsl24egdNT0kGk7cbFq6FXDMk7BmDbcx50aqEXaFo33Mr+DYl8NNpusgHWJ1IqmwuNVhrpXmd7j7MwZl9evwqt7M4xLyyH1G6xqPWhRwdhK0ZTsJTFl6isWtEnR4HpXYH1FdowPP5UcZOrcAb++KnO1lkL9tM5UMCNzyp/cWdmI91Y4jCq0ZzOXUTWxuJ9DBp4pjeMBhlygNzJmffRGD4thlQZrQduZLflVzxrszYvtogB61KYjhGGwoa7o+pVQ2u3OPWhCCdbD1b5Dx+8EPaG9AFlMqzplTf3xQZuYm66hlcgsJJnQTrWF/tFc2EKBsAIrTBdobxdFLtlnUeteZAATUcepvYNX0nqFvFBVCroAAAK4u4jKJze7pSZsZAml97iE1w6JuM0xs+O6E1yuO1kzPrp8KQ/vNEW2zUQxzzGNRxYo2YGKLwvE2uHxuSvwqQ4nisqk/CssNxTQVTj1hduLgHGjHcbz0tuP2rYy20X1I1oDE8YzjUD4VDHiBmaJtcQJrM2TK30gpgxp9ZY4DiAkjlzHSmuUHX8qgsTjSli443C6fhXHD/ANpLLbVXQMwEE66/QqjpNWicvrdIyQV+119Wj2h6GflpRuD7X4hmENA8/wAKWYnDKCWPh8h+tKrmHk5k+dGmYETiBj5y643x641kZVyXMw8Z2C8yB+tA28Ykq9293zf1KQJ6a6Umu2b5QFwAI0lonzik18EGDv1FOBI3hFCRZnordosJbEyrMdwASfSTSrit58T/AIYFtdxoJ+IqJgc62sY1l2YgeprMrZGWlPtF9n5QzGu1qA+Yt6mKK4bjFfSBm6VgLZxKwGGYdRX5OzWItsHDoI150sINPe2MfjTUPWOML2mFvwkZSDrPKibvFTjFNsGY1mdR+vpSo9m72OcHDISw8NzoCNmLbL76uOyH7OxhW7zE4gOxEd3a9kernU+4D1qlMWtdprNa8yONm5bGknpl1JPpTmx2YxuIKN+7MmUznuEJIPKGIPyr0mzfsWZ7pEt9So8R9W3PxrG9xtOtMXplAomL32k237PHYhjft2z94QzfkBT3g/Zg2T4sXnHQWQPnmrG7x5etCv2hXrWjBhBuoXevVKoYG1/1D/pH618bB2/+of8AT/epL/zCvWu14+vWmaMflC1PKV8BOzqfWR+RpRxZ7qKf+HuuvW3lf5KSflWFvjq9aLs8YXrWHEh4hDK45kkO2GHtypRw3MEEH3g7VO8ZuI9lXtnac2m0mvU8Y1jEDLft27o/nAJHo249xqb4h2BsuCcNea0T9y4S6H3+0v8A8qW2Fh+neXdL1WMWr2LnnPD8Phpm5manSYzh6/8AJf4D9af2P2fIig3Q4PMq0rPkR/vWzdicJH/M/wBRpDKfGF2i+ElFeRI9k6j0oRjFOuN4W1hki2GgciZqYbiysenrUbYGU7CdTH1CuNzDbQk0WHgUtXFrG4rRMWrEDlzil9mzGgIxsiqLJn4cZsrnW5aNwkQDI8OlIsO0VS3eH4VVnuyT5k1NY5Rm8AgV0FxALQnNHUNrLGHK1E4UnMNo/Oklu44plgnM60h8Rj/8kGP2xyWwAyhwd1J3FAticMT/AOlT/Uf0pvw/C2HgtbB9afJw7CwPsU+Fbix6BVyTLkDNZnml/Gu7DOSfL+1M8DwzEXIC2yBvJ2qnwOEwuF3Us3Vln30xHae1oAr+5aLs9uJzxgXxiG32a1m8zsPX5UD2n4KqKhtL66/CrYYkXhoG15dKyxnZzvLZUEgkaa0f1MY2MEUJ5Q+GuTGQmPKuBYeDKMPcasV7OYq20L4vWn/Cey2IvAnEMtpZ0KqCSOgB3Pnt+FajatgJO2NlnnnB+HX7rhLKuWbks6+fp516vwTsz3dpRjHDkfcRjH+d9z6L8aa2Es4ZMllQo5n7zebNz9NqW4vHk86qGNRuYK6o0ucRW2oS2FRBsqAAD3D8aUYrip60tvYgmhLj15njAkIv8QJ50K+JJ51kaxuYhRzpLZAOYwJNGuGsmJrB8Zry99c/vqxv8KX2wjOyM3M18zGg7vEU6mtUxls/erRmE8cJEJF4jnWqYwigziF6iuwQdQZpq5AYBSo1scVI502wnGT1qVArtGIpoaLKT0PA8Z86NGHtXDJJWeQOk9QOX4eVeeYbFEc6eYDih60wEHmB3l4gPa3hLgEEGOR5EeRrznE4CDBFe6WMYrrlYBlO4O3151M9pOxgYG5YlhuU+8P6f4h8/WkZMRG6ynF1AOzTy9cH5UThrEdaYfubDQiiUtxy+VSljLNoO1ksI1oZuEk686f4SxmAOgHKjRhSu4oNZE9It8Ey7rWuHtH6FXNu0hGoGtajhtozoPOs7SZJnhOIBfJDAjmQYqntgwK5xPDgVyowQnY1g3DMUNFuCPPX8qIUfGKM/YjHWCfE2vSOfSt8Pg0JBAJHoPnXVvA2g+fuZcc9Pj5RXd/HMLiqLek+Jp9n3UTAeEEXDrNtQNoPu19a4xfGrSAd4yoZgSwknYCBrrWZukx4ZY8hr6aU04X2bt2rn7xdUG99xdCtnfVdPbM6nlsOtMxY9Zi8jhBDcFhYGa8NdwnTzb9Pj0rHiGP867xuIpBjL01WFCChJbLGzOcViZpfcuV9c0NeuhRJMUnI4HMaq3PrmgMXjApgb0VguH38SfsxkT+Ntvd1qkwnZnDojKLg75hHeM3iHMga+GdpEGDSVXJlFqKEd3EPe5kJi+80DDLO0zJ/yiT8qI4RwX94fIL4z7hQrAkDUwWGselW54Ytu0vcoyOoJeWTKZMnLrLa+6PhSu1inS5nRUWZykLHdlgVDDfYkddBS+y0t3pjdSFFVU1t9hbaWy5R77gaKWgM3LaPhSvD4V7dwDEW1C5Z7tbeRUzAx/UTB1MmRvpR1jtfnVLd9Mj51BuKJ1lgfCdgfBz5mieO4609lLdtWGU7sZ0nNvyIg6TzNOyjGw7hr8b/AMxaZMhUkC/4iPE8AYwtgGRubhDL5ghgeY5CaZWuB2FE4q1ZIj2rWZCTHQmPhFNO8ZoVdo1ikvFb1tnKNcPhmNoZuYGh0BAHqT0NZoGNdtz6xT9Xkf0+kWcU4fh1u5LdjwH/AJhuPGoB2BjSY5Utx9qxagC46u3sqIYEAx1kbVZ8Swli5h1REAdIaQQASQM4OwImACa8+xXCP3a6DjEfvWGcCRlgkwVZTDafA0LY63PtLMOXWAPHxjAWb4UXAC9s/eXUeh5g+RrvD4qd9KfdjeP2lmzcCi07Zg22U7H5cvKnGOwPD7zhRc8bGFfI6Sx2GciCSdiaFQatW38jDeror9xJS3rqKJssRTfjPCcNhGRS14h1nMzJowMMui8tPjS5wmYhWkcttqcuYK2luYpsRI1DiMsFi6osBjfOpC2Ippgr0VYrSRljvivBkxHiWFudeT/1dD5/GovHYFkJQgqwOoPKrnB3prfiHDkvqAYDj2W/7T1H4UrP0+sal5jcHUaDpbiedtg2gFaZYTDvdUKSAwosYUq5RtCNCDTGwltOk1zqPBnQLDwi+xw5hpNavhGH3vw+oo98Qu+lY3LiHpWVAu4OEMe15bCugp/i+QrkhROsDeZ0rAXl5Gt0z1zkYvQSDBB0iCa77wNHhO0k6bbQaim7eXDH2SacpNU/YDiF3G32LW0WzaEtAOrE+FdfQk+Q86oXHqNCKZtIsyz4PgBbXvGEORoP4R19T8hX3FXKPxTaUlxb1eFCihOeWLmzFuNu0rumjcQZpbi7kfkPwqfLkCizHIhJqC4nEhfM8hzJozh/CEGW7i3CBj4FPM7x0+NMezPAZPf3hqfZX86L7X8HN+2rIQGtEvB2ZY8S+R03/WkpgZx2jD6COORVOgH6mdfvKXkCZWs2REtmhrkbqijUKTu3lpX3GcUwVlY/dUyqsyLUkAbltD8TXnr9q+7dVtvKoDKsui9TO415eVV/De1RCxatBCQJuC2fFprr96PrpTVcNya+1/tBbEy8D3qD4ntbZvOgtL3aiSXiCAsCBHWYoO9xOzDHvJWf4SPefP3V87Q4Jrx737IMzSzyAzAb5kyiRpvHvqV4pGYgSYPUGfORvUWV2Lc+0DPp0gASixmHBAdTOnSf96ZYrGK9s+AKWUFSIidm9Kk+EcXKeBtRTVbwY5EJylc5E6QCC0Rz9n41ik3JQxWxDeM8f/d7BC+0fCD5kan3CozhLNcuAkkx1/OdqqrnALl0i/ddAAPCJ0tLudOdz8KTXOJWUnu9QDE6fM9aZmYiiR9IeMMw0ILMcnGKQIIjqOUeu9NMTkvKFhWSZyXAGWeoHI+YINQ2C413zAkCV8JUgERO4091O72J8SCwjAmTcGYZVUfezHRZ2ipM/bFxoNGdPoSmNSuQc/PP9pW2bVvCgrbt2vF0BjTbckj486M+0BV8QwifCiwSYgiCdFG2pqTwXG3K3GxIICg5WygeLSPEs5ttxtVPw3GLjMJLNkKqDn/hdUMOQBqpEgj1q8At/AmGgd+L3ME47iEugpesuiTLZcrHXZgTBLDXagm7K5UFyzeFwRK6RIgGG10MGiWVMjWXfPm1lNYJ2I6g+eta8Dx3d5sPiDlIBNt4AGs76Hr+NI2d9OT/AJK8mPs01YjtEWFuMrFWDDnDbj+1N7Q5imHGeHC4mclF0lWGx1iQw3UyJAGkyJpNwy8ZyMII0I6H6507E7YnCNweDIcqh11r94+wVynWHuUhsCKbYVq6iznNNuK8N71c6j7RR/qHQ/lUx+9W+bLPqP1r0Pgd7dDzEj8xXlf7ROxd5cUbmHVcl0ZiJjK/3o8jv6zUnU4x+oSvpsn/AJMZjEWgJa4g/wAwoa7j7ZYZbikdcwqHu9icc5/5YHm/9q3w3YXGJ7RtH/Mf0qSgBdyq96lm962dTcT/AFChGxVn+Nf9QpMvYi+fv2/n+lfT2Fv/APVt/A0vaMsR+OB4Q/8AJt/6RrVh2Z4Zbw9jLbRUzE3Ggbk6D/4qKmw4JgRO1XZChIA2Aj4RV3TDcmQ9S2wEBxbaetJcWacYx5ik2L3qppKsUYhY56eddcK4Z3tzM3sLqeo3hZ8/1r9jtoj+/l7zA99VHAMOLdlC+7eM6ddvlHxrnjGHy14CV6iqX4mFrbIE6DyPIDy6VJ4/jF26tyyGBDgrMAHKRrkiIkdZrLtHxrEWkKSPE+Utuchk+5o0nrryqbs40zMxJ+FZ1XVFSAux8ZT0fR9opY/aLO13Dpv22S2qJCq7AQSZJ6dBE+6m+E4j3yHuwAATEtlGXYEgjbQH30bgsVmlLkOpkkHn6dKE45hzaYXsNbDaABAQMpiDpIEZQTrtBPKKVhdqoxmXp9AAMVYlsYq3GYAKB4QXkyRudNY5etRVnirHTKbjk8pn5b16LxHii3QwtqzZoEopKq0bFtY3E1Pm/hsCjLasvdu/euOMqk9J3yjoN+tGNFkAXEMhagRJ/EYq6mr2SOftaj16U54Fxt2ud2LTNcII8KzvESQYA28R0HWni8N/eLJchFBQmFEcifjIpfwLMtool1SVJBnUrrzAEnURB89YrFKsOJ7N0SqBHvEOF3L9oLiL3d7RbSAvI+KYa5qfL051G8T4IJYYe5mVDFxSIZf5ssk5SKrbeJKDNiWFtYCrcAzGT/EQYESI0r7iUCMHtq9xuZe6kn1AI36fKjo8zMSjGKEheEcIc35VlVVIDMzACCOmh5etV3EhIVLBLgQAJ8H9ZMb+k1ljsFdOW4MMtxQfFaZSYDE+JDGi6ag6jSmOH4vbcrlVSqqTKPmKjYg5evTyrxa9yJoSvGfVtZbQsspZSCCRrPLQ+eu4pj2ZyMxs2lfumUW2VgDDEmYJ8i0jpNYWR3iZw2WZ3WYMaSOvpTHs/iFXPZc5Wy+B4ygqw1GuxOviETznSvL+oTW/SYtxfZq9ZPeWJIYzoQFjy08J8iRWmDxCupt3iVddg877wf5T5VdYWxatqC7m1O5JWD5Bjv61O8cS2zAXLNkgglGDsCVBiQQdTrtptzFDm6O++pqH0/WlRoYWJjwzFXrZZQha0D40YgxI3H8Ik6Hn8YYLhbd4EIMt1dVmNf5JBgqeR5E9DSjDvkVgjPDDKCGViBvG2onz99ZcOS8LqsbjMqyYVVBMjmZ199eFldLD9tp5gpJZTX8x5hDmANMcNWRUFu8X2bh10iLgAziPM+L3npRFta6OBiV35nNzCjG/Bz9oPf8AhRPaOyGtE/eXX3bGgcC0MDTHHIMjSd1MfCjyLYi0ajJCelc38R0A99aAH6Ncus71x7InVmNu4evyrYXvSsDbPOPgdqxLxp+RoIUzzhCpCzLCYIGkjXWrO6xg1FsN9fSq/CXu8spc5xlb+pdD8a6XSnkSHqhwZhcpbeTWmrigMQuhqp5MkRhQzMCOgB82IA9/iq2ddfIaVJcPX7QDpctz/qn/ALar7gqTpR3SfWUZjuBPP/2mYAqq3ULZGb7RZJGeDkaDt94e8dag8Li+Rr2fji2HtPavtlRwRPPTWV6kGDXjOO4O1pS4YsPu6bidzrpprUvWYVVr851P/m9Qa0nwheGxxQ67U4s45CQxJyxBA5iNNOYBAPuqHHFOR+BrR+LBRORz6A1KqOp7s6mZ8TL3jLgYhgVQqjJAgrpppoehHSueI45QpKABcus9eevSuOz3E7d3C22WJ9kjeDPik/WkUn4nhboaMhKMYkiQJ01P1tWPj1POKMeMm/hlNwbF58EcsQ7Nr0EqdD6ipDh3Zu+xS93yWrRuOxjVpVyuo9nxZeZpnwzFNYsd2VyzPhiIE6R602a2GRbJbIMo1AysCNZOkEmd451iuVLfiVdZtiXT47xVicC1ib5c3UXe4rNIG5zJqAN5I6nUUmvdoSDnslskwQ4BX0kezygVVWsJasWriveN3OpBVyNVaQQANdtCfwpFiuy2He4GU/Znxd0pAGYHUTpCmQNCIPltRizg90zmrkJNTmz2he4J8HIxtr6j852qd4vwjEK7YhLfcpMgLpEc45g6np6bUPjuGXLN9z3Tiyl3RsrZQC2gzbabb1ZXbv7z3dufCIZ1ndCDCjz+G1OLaTY3uNA1r9IkwHaZ/vHIwBzHUho10XkZO2tPOG8f7xvEoyxoDBbrOg09KF4z2LtGXtNdtwJCFC4JjZWJESRzJ3qfwSMiZiGDcgQRqCQd+kH4RS8veXumU9OVDd4T0JrKls4zBohTLRG8RtB5wJ006EPjmJFqyhCEsGDjXUiDnBA3E5SDM70P2f4iLigcxqB0+tDR62178M6hlbQyNp38tifjSMedr0tzxKM/TrWpfrJfBYy9iLxa2DbB08MKBOhkbLT3D3sTg27wMt22RqrGAw5MAdjTDFdpLdm61lUKWhAC+yAcokkDfWdTrtQON7zEOottmDeGM2nlz0inMU4G5kgR61HiU3Be0dq8wAJzXArFT9xlMROn3WaqdUqV7NcLtWrZdRLPdVQ53hQxOXTQErNV9tSDBq7owQCCZz+rILDTNrA2pjjrc2WYbhSB6kQPxoKwutD9pyxsC0j5HumAZ2C+IkfhVr/pkuMW4En8PilPgLfaKPEp3B/AjzrfvNPr40st4yyjLZcf8Qui3IBBO2U9Z6fgaLc3VOW4oU76NII8prlZcVbj/k7TpXz3Hp8M2DV0LSHUgUPB6multfWlT1AgbMANprfszxoLiHwjGBcAuW5/iAysB8PnS7FEgTHzqR7SX3DJfQw9qXB11giR8CaqxHS1wezGQFT5f7ntDLQWISsezHHUxmHW6ujARcXmrf3o+9bkV0eROUQVNGI7AyXW5llGWY3VtT6wfhNNMfxuzbYLcLSRIRQSxHn0HmaBxylSHVipWdYB3UioAcbcEySzHWTzPOeprnPnHT2Kvf4Z0MWA597qhKfjGKa6BeIWbaP9nbLaKQCC5mGIPymkhuh7e2bTY0HwftGzXD3i5kYZdjOsr75DEEeflX69/wAPdNsmRuPSTAPnUPUPrIf2nU6RAt4/xFV7hZYF7KZnUmBlWViIYTq/PwjaJihuH4y+SW7y6pEH2oBn+U777VWWHVhkZiLRknKNQevU0Jx97mFurecC7bcfZ3EiCYy5GI2KhRA2gacwCA1JYFxWVO/pPjO//DbNod85ZHveJonKpjQlV0+Mb712mNvQQFL2Wk5lGu3SfDMxrpvQtriBvsz3BAIyhfKsHu28J4gpdyPCCWZJOxy9dYyjmD6UCPZKzW6cooJmd7tcq3ADhlMaSwk6bjNqQaZ43iuDxdlgzFLxEBZ5zA1iGHX+1ROPF27nusgWCFYERDGd1+6dI23oS1i456jlP4VWMYI9ZIz77yqwHZY24fvcODIMhzJJ5ACBl21M+nTPimMcLlu93buKojLqtxRorAASNWBE6bn1S4bFGR4is7SAQ0cp5f7UzuDv7BUvLAeAgZZ55XB2+PQ15l33hKR4QTjPF2Fi3ZYAg28xmZBnQj5+ulAcL4u1sG4PaMAf0jYfjTDC8Ge44tYhXS4ywkoYJXaD0MbifhTJf2c3HzBGQOBMMGgyOoBj62rUxgDTUSp0wcdrRaXLbY3W32Ikn12HlVD2c4pcuh2VFNwCVOXNlaZ01mCSJ186hsVwC9h3yE23P3sjZo8iQIB8qquBYS0tnK126rkyQqGMo+6VmGEwdem1Y1Kdj7yjQzLx7QLJcs4hjdnOWlzAEkmZgAAc9ABTnHPKyK14rwjvV+yfvLiiIIysQP5CJkUvwHiIS5mVQ0OcpOUfDTaKiy4zruXYso7Oj4Q/jmGW4EZlljbWTAkxoPXb5CheH2O6P2SNJGWY2DaE+sTTO8xv4kIsKBCqD7IVZ0IB166VR4PhlqyIJkgZmbYTqSQu/wDeOlVIpdjXE57NpWpvw/DwllNgJY/JV/P509RZM0s4U2cloI2AB5KNp8+fvp1bSun04GnUPlbTm5z3qmllaiOO8SGLvtYUlMvhS4dvOPUz6087VcXS0nc94EuXFIB/hG3xPKom1iGcCzeXu0Hs3R+v150eRvCU9FiIPafj+/X6RgtxLX2F5Q10+zc/U8vTnzrewHUhcc8CZtvOx5a8vT40IMXbsRZuL306Jd6Hlr9eprW+MoyY5x3R/wANp26Anl/eknfb5950PCz4/k+q+XqIxtXFOYcwYP5EeRr8SOv18ak8R2u7te6S33hRoRgYLAnRQNz/ALVR2rpIB1EgGDuPI1DlUKdoplqcugPvqZ4vhEVgSpZc2q9QdCPLTSuh2xw/8Nz/AEg/91L+M9o8PdQqouA9cix6HxbemtavM9j2cExV2f45c4djCFOdJykSCHSZU6c4Ne6cNx9vEWxdtmVb4g9DX8/cZxILWbq2wsDI0bEqdD8D8qf9kOMYjCYiMs2rmpU7a9J5/rV2Nq2i+r6fUSRyPep6/irE6cqksRwKzduRcVgw1zIYJXYnUEEjnI1FWWCxaX0zIdOY5g9DQHFsBMMpggyp6Hz8qHqMOrvAXXvIsOUqaupI9q+yyYW3bvWGdkLZXzEeEnVTIA0kR7xSjiKJiLfeAsLggGdgwA+IIj0k7xXomGIxFi7YfQspUg/dY7EeU6g+6ofs2DmuWmA8JGYGZkZgR8fwqHOi7MvEvwZGF3yJOYXibWmKOIIMEem9PuF8TRnCtle058dt9VPRoPMdd6/cf4Tauv4TlfLAUAktGgBA2MczvHwAHY3EhZNlyPLz8t6QisptJc3UY3Wnm/HuHthrhgE2ixFtpBBG6gkbOBuDrINLf3sMBmMQwYHzUyPmKZYDHvhz3F9TkIjLcUkhekNuPI/3rDG9mBcugWLioLh8AbNlY/yvBI/pYe/lQnCpa12MeuSsfe3Hn/cTcc46rZlW0qq3tECMx2+Aml+H4e9nM1wAgKG8W8H2WHI71X8J4WuFS6bhU3Vvsnsow8Hh8JdJg7xzoTi+BZh3mTvLcT3Y0nU+BOcc9Np0p4YKNI+85jrrPpBuD8AGKt94mVDOgdiJ3AYKDBG31rXzHYVcOwRrgZmmVQ+yDO5+MDy6VxhOKsl5TdRbSCQqnXRRABmmlpreKu5wv2ajVgdIOkGdvIeXmawsxNTwULvG3Z7HG6LdsZs1sFV6EsIiNpAgz5Ux7Q3Cbxw6sVRf8QqYLsdYMcgCNPXpX7s5wqzhmFzvViTmPeKdCT1jUT061zx7C3LmJuXbAFxGg5gwEeEDUH05TRZu1XDtyT7TenOI5rPAHvDeG9n7J9mCANzAHn+NZ47hKD2WQ+QIpHet41SAyraB2zXra++M0n4GkvGGxNonvFJHJxJVtJ8LRrUhIK0MdfedJSNV9pKTEoDGY6jYk6j30O4JzjTMQGLaSQuwJiee430mprCJiLvsKPe6iPiwp/wfAtbJuYnOQAQFUFyxIjdQQBHMnnR4le9+DA6hsWnY7zvgmGuMYRCXn29oHqRHvqns4d1i2GkuDnc66AgFV+O/51jY4reuezaNq2wygn228kEaeugAqg4Tw/KJI1PwA5AeX46nnVuDpwdl/PlORmyld2/EI4fhQogbDav3GOKJhredok6IvNm5AVpxHH28Ome4YGwHNjyAryHj/aD95vEXBFyYtQfCo5Aef410WKooVZJhwnK1njxmmMxHe3C2PGViZSNtToPr3xWlvEXHPcXtLJ9hvw15/lS62JlMYZbdDv6DzP0aBxvFmuWmtlsgt6BjuegHPlsORqYt8/udYAAfKHqI7ucTXD5sL/iNHhPT38o6eVS/E8diMQij2yrHKob2QOi/n6UsxOKuPEKQAInmfM+vSvuGR/4Y+ApbPFnJZ2/PziekdkeCC3bVrgD3iNWO6z90H8apO6PSvLcHgrz7An1cfrTZeB349kf+4v61K1k3N285h/5RYHW+v/t//auH7J//AJ/gn/2qld+ce+NPxissUgKjwjbcCPnM0yLuReIsMp7sHNBESIlhtoNNQYo2wbmJskA5Sm3p+PlvyFB8bwxDcwp3nQjbX5UHgMZleCxCzDDr5++JqjG3nKr1ICOfn7iUvBO07YUZ0YuwP2icmHP0NesdneP2MbaD2iJ+8p3HurxDEG3Zuh7al1bc+Z5/nt1rmzi72FvLeV+7U6iNvQ/W1VXU52XCH3Hz0nuWPwBBz2zlYfMdCOY+Y5VL8awx7w4m2uV9r9vyOneqeY2J+PWjuy3byziIt3SEufAN6VS43hwcTsdwQdR5gikZcAYHT8+e8SmUoaaS/A8Mlq6t11JzaAz7J5rvrqKpu0GONnDvfUZsuw5eIgAnyE1P4zDXbJ2zA7z7Lf1dD/NyrjimKa5hrmGAa3dMEK5HiAIJVX2aRzpOJtIKAURGuuohibES4ri/75aKX7ecalWXwvb8xMiNt9DQfD7IydzdkrIKOujAjQem467adaWtxRrYYXLYQwROoKtEAEH9PhSpO0TEgkjmSSN9uceQpGRtY3G86XSMMT1/5MdY/D3Ub92Kvce4+YHcEkx79IM1txTjCn7O3BRFyLuNvvDz3PpFH8D4sMSjEqpa0ngIkENrHod9RSW7ws4tjcBNudwgHj6mOR8+ce+l+BB8fOFmVFbUKofzOilrEFLd3xuSFzgQ8HruGgdR01pxwzgK2bjiyStqQFcnMSAFmJ01MyYjQRpXHB+zty0Q1t1dmUiLjAEDnpudOY8xVNw3CLbfPfPesNgs5V8hI1NeKkjT68yNsgBsQjhfDbCjMLAkwC51JPXMfwHwoPj/ABW4s4fCorPE3DoQk+zv97n5aV87XdsxZt5UUd4R4Rpp/MY+XWvPeBcca0bhuklrniDSZk8vnTHZQoC/7gY0Zjqaa8StPqGuh7pPiWSSJG7E0dwWxjgmR8OXtK2YkjMFUHWIkHr0onAY2zo5tysanKTmmROYjz+VMMBi7RIFi2QQZOkCPNtlpCjGdjz8/MqLuJvYv4d4UzmP8IEDoB0rI27WcLbs3JnWBqB1mniYG5e8Qff+FAAB/WSS3uEU84dwdLesSxGrHUmnY+ldzt+aH+4hupXHz+L/AOQPg/B8viYsxPNiSQP4ZPKi+OcZs4S3nut/SvNj0Apb2n7YWsKDbSLl8jwoDt5seQryLieNbFMbuIcm8NQo2HkBXRGnEulZGuNszan4hfGONXuI3CLn2UHwCTAHIeelBIy5TaPivLsR+v5ChMTjWu2w8hCpidif1POB0oLEYsM0oMukTzPX0B6Ugt4zoCkFcekKv43MELkvdU7cgBtJ9w0HShXvF2zNqfkPQdKyRaLs2CdtqUzQSSZ9tgUQiAnWRXWFsSdQffFPMLw1TGoP1ypJaoUH4cHU6SRVFbviB4gPUx8q+YbhgjT9flRi4U9R8/0oC0wgReMTGm49QPgN2obFXydE8PlOny2Nbs2hzzl57xPKdxWOJuBVAGpOgJJO3r086oiok4qmZdjI1md+se6kGITYD2QDv8D8/wAutWTuSDz8gPr8Km+7zrdsMwTKcyBhz1JA9RNMx81HY2oVMMDjGZf3fwgR4T+n41jatLJt3mLEez5nl9e6gc2bwgCRsRRov50Cqn2i7mn6rExl3+fmcRcJ7sjLGqnb0irHsj+0C/hvssQ3eKumu4Hl1qSdGu25uPDLy2+tqDZreUOJLDfoa8GIinQNsZ/R/BuPYfFLmtOrfynf4VvjeGJcEH4EAj4Gv5ts8Ruowu2ZTrG1egcC/afetBRilDp/EN/fz/GmFlYUwkhwshtJTdouyJuFSLasoEHKYMcss7HfyNT2I7E24jOU8riQPiNPnV7wfthhMQAUugE8m/WnghhOjDyg0n/EQ8Gb/lOuxE8cwHBL+GLCy9i4N4S4M2nQEA1bcLv4bD4ZblwoGOpkSSx1IA5b1UNgbRnwjXpp+FLcX2UwlwANb2M6M2599LPSOrWnuTGHqkcU9/aIr3a/BhRLBiCSBGuvqKX4jtBfdSbWWyjbEgsSDrOVdvfFVNrsbg11W2AfRf0ox+z+HJzMmZup300Gu9Celyne95oz4B4GedYXsuLhF27dDBp5mWI5QROvpTi12OsyW7pGOhUPcchTrOZAPFy0Om9Wtrhdldra+8T8zRSIBsAKdi6QLzX7xeTqr4v59JF4Hss58Lhco9kRlWeZyg/LQVQ4XgaLBbxRsDAUeijSiMfxexZBNy6qx5iojj/7TkUf8MhflnO1MXDjxwDky5eJeYvF27K5nYIo6/pXmnbH9olxkK4MQmzXCdY55RUhxntBddxcuXDcU/dGwmlZR1fx+G0wny9w5/3rHy3sI7F0wG7To3iYvW5Lz4iddTpJ67+lcYjEKLmdfE0az7IP/dHwoUmZVZCTIH5nqa7FkCpmaVXttOFQudZJ+uVbrhq0tWh+en50xsWx/cils0wDzgdu2BR9rD+6trIQ8oPIgfjR1sEez6nz+VLJhT5hgeQ9D8qZ2CYiD6amfrrQa3T/AAn1A/KiEusOR+H1FZpuDcY2rscm+vM0WMSnNTPPxEfKlVu+/QZekkn8K3S+0DKWA5b17iZzBQsHchT/ADfjvNDXVgg+H4b9Nd/9hWT40gwRH9I/tM1hexOo1AHoJ+YpsGb3rekmT/fpt+FS3EyFupcjToRG30R76djESSwJE8vLTlt1pbxRe8UnUep/GjGxuapoxRjUDsRbQidV9N4+H4Vhh8QbZDqfFsw+vrStbmNchCBGTwTHTaZ8jWOJQo0sJka0/wCkaT5w3F2MpW6xkNvHn9cqy71bbSiSp3mv3D0RwVuMRA8PpWmGvmDYC+h+vjrXoBHnODbdfahbbe+KxbJbMf4imt7NiCUvt6a++srd4EG2Fkzofr61r0ycIXUxJVTsdo99N+G9qcThmgXmI5Urt2WcFLjZcuwPlXNtlgpllxsa24JUHmXXD/2q4oHK9vN56a/GnFr9rigw9qD6foa8wW09zwsQrLt1rILbIIMlxRa2ijgTynry/tYskwLTT765u/tYtCfsjI6/715Tbz3oAAVl59a+X8OpGZml13HWvdo09/jJPRL37XLjHLbswfOP71PcQ/aBjLrFM2WehkD8qmrSG/oIUgcudEWLYdSirLjn9b1hcmEuBB4TdmfP/wAS5fNtOuvkK+YbNma0fDb1Mk8vX62rO5k7pS5LXJ2H5mucXiWumTAAEAClFo7YbT7bvqqMgGczIbkADy+FcFmcjMSY29OgrpEFaKKWWntzzPyJRVq31rAVpnpRhCF2423+orZTAgDT60igEvH1rcXD133rKniYZZdwdvn/AGo9XHUj36UnS7m0En686KWy50LbczH5V4LcAtUNNwabzv8AUV22Ik6AR6tv6R+dBIpEa+Wo1+H60XYsSJYjy2+R5UVVBuFYUjTxEE/w+R22/Oje+I6n1Zh8stLrennrA/trXbYnXdx5AD9KEwoHekb2z/mA+hQoYu2wnoNT7xTTjHte79azwO591MAgmAG2dQxIHmrAfOsHAGx+f1P9qfXdj/T+YpZc/wD6/EUUySPEbeViAdDrptNLmqi7Se39dBSC5TFMwzu3ckjy1HpTTFXgyq1oQVGv15HnSrC7044F/hXff/8ArRxura/m8HxFgsoulpI3+uf96+3LgMPZXUb/AN6yTY+/8KN7Pew1eE8dhcFvWWde+LDTcdPr8K/XrikK1oeIbx9a1nyP1yons79/0H516eOw+k4fDNcXvSYjcCvl10Cq9v2hv9fWlfbXsH3fhWPB9z9da9Nqr9Jo1m5cHejwgbx+nOt7tu2oW6NW+8N/jyozhf8AgXPr7tKLP+E3qfwFYZ4ckeUJuIzMLqDKh36ec/Ov17EBLjdwdxBY/OPgKMx3/pR6/nSe1Qsagk+E7t2a3FuK+pX25Srm1OgtdZa+dK0WhhTlZ6VrE8vr1r6tbJyrJ6pwtjzrZLA5mv38Ndt+dZMIhVsqBGg+G1bC4g3J+vSleG9r3frRK/4fvNbcGhGJC5SQdgSN999iKKXC2e7tlcUlpygZxcNtvaGZQoABWOcz7SwTBpemzfXKshXtUt6TCrKf6H8ylPCAqZji7Qy5gzEJlB8YUDQ7uAJJjRtZ2n73FLgZgHVgGIDZU1AJAO3MUMu/10rda0m+JYnTqv6qP2E//9k=', 27000, 1, 1, '2020-08-11 03:35:39', '2020-08-11 03:35:39'),
(57, 'Gulai Kambing', 'https://craftlog.com/m/i/5213695=s1280=h960', 25000, 1, 1, '2020-08-11 03:36:38', '2020-08-11 03:36:38'),
(58, 'Oseng Mercon', 'https://i1.wp.com/resepkoki.id/wp-content/uploads/2017/10/Resep-Oseng-Mercon.jpg?fit=1280%2C983&ssl=1', 23000, 1, 1, '2020-08-11 03:37:22', '2020-08-11 03:37:22'),
(60, 'Opor Ayam', 'https://selerasa.com/wp-content/uploads/2015/05/Resep-opor-ayam-padang-1200x720.jpg', 17000, 1, 1, '2020-08-11 03:39:28', '2020-08-11 03:39:28'),
(61, 'Nasi Putih', 'https://ecs7.tokopedia.net/img/cache/700/product-1/2018/2/27/0/0_e32b4809-47e2-4e9a-a387-3019dd0e1c08_477_376.jpg', 5000, 1, 4, '2020-08-11 03:40:09', '2020-08-11 03:40:09'),
(62, 'Es Teh Manis', 'https://www.hypermart.co.id/wp-content/uploads/teh.jpg', 3000, 1, 3, '2020-08-11 03:41:50', '2020-08-11 03:41:50'),
(63, 'Tempe Mendoan', 'https://selerasa.com/wp-content/uploads/2018/10/tempe-mendoan-sambal-kecap-500x412-1200x720.jpg', 7500, 1, 4, '2020-08-11 03:44:07', '2020-08-11 03:44:07'),
(64, 'Zuppa Soup', 'https://selerasa.com/wp-content/uploads/2015/08/images_mancanegara_cream-soup_zuppa-soup.jpg', 13000, 1, 4, '2020-08-11 03:45:24', '2020-08-11 03:45:24'),
(65, 'Oreo Cheesecake', 'https://www.lifeloveandsugar.com/wp-content/uploads/2019/08/Oreo-Cheesecake2.jpg', 12000, 1, 2, '2020-08-11 03:46:41', '2020-08-11 03:46:41');
INSERT INTO `menu` (`id`, `name`, `image_path`, `price`, `quantity`, `category_id`, `added_at`, `updated_at`) VALUES
(66, 'Mini Pancake', 'data:image/jpeg;base64,/9j/4AAQSkZJRgABAQAAAQABAAD/2wCEAAkGBxMTEhUTEhMWFRUXGBgYGBcYFx0dGhcXHRoXHhodHR0YHSggGB0lHRcXITEiJSkrLi4uGB8zODMtNygtLisBCgoKDg0OGxAQGysmICYtLSstLS0tLS0tLS0tLS0tLS0uLS0tLS0tLS0tLy0vLi0tLy0tLS0tLS8tKy0rLS0tLf/AABEIALcBEwMBIgACEQEDEQH/xAAcAAABBQEBAQAAAAAAAAAAAAAFAQIDBAYABwj/xAA9EAABAwIEAwUFBwMDBQEAAAABAgMRACEEBRIxBkFREyJhcYEykaGx0QcUI0JSwfBicuEkkqJDU4LC8RX/xAAZAQACAwEAAAAAAAAAAAAAAAAAAQIDBAX/xAAuEQACAgEEAAQFBAIDAAAAAAAAAQIRAwQSITETIkFRMmFxgfAFFJGxodHB4fH/2gAMAwEAAhEDEQA/AMCnMCzisO46oQ2tIDgIJ0XCgeZSAeYm5HlTxecLexYUi8GEDlab9J2PoKu51wt2UBToUvVpUADbme8oAWttO+9TcNZEErL25bWQEXlQCNUi24vImTI254YbFG39AjCV16kWZ5e60C843qPtEk6r9SBERM2HK9RYJQS8NAABFyVGT3SCL/1SYArT4jNFukDslI1LCAFiO9PeA6kUIRh1Bb2tvQptR1kwQSfYAPUCZjqKlF26Rct1eYlfRqSfL40mUYrYTauDkIJPJJNDMoVtVsQkbzBroxh1UCy1NhRzDCrEQYUfxSmsOXEp1KGw9dzHIb1g80fW+vW7CjysAB5V6Nlx7sVIW2xfQgHrpE/Cudkj53bN+KXkVHjy8sdQ6HWmyJBSsKkAp3tzmQKqY154TYCvVszaSQbfsKwOeMi8AfGo7ldMsUbVmMcWomVXNE8oUZCZ3tVFxq5+tEspb74PS/urXF9UZZLhhPCOmBeiuHdoDl6pFupozhq0mRBRlyr7KqHMJogwigC6g099oLSUqEgiDSNIqyhNMDzTPuH1InWgrb5KA5eMbVn05E0T7Sh5H6ivb+ymq5ytsmShPnFMR5RhsnE6WEEk+0s3MdAfpWpyvIVAXHKtu1gUjYCpewHSkxpgLD5VF9q0XDDGhS0nZSfl/wDaRCL7fSrDPdUFDlSoGwa63ofcR46h/aq/z1D0ophjQ7iDEIOKZCfbLa1G/wCSURI8/kavYSsaW10XS5Vhdg1aTVXDirSTWhFI8VImo0mh2fZ61hkFS1enjTcklbGotukZ77TczCMP2QPecIEc45/D5jrXm2GM1JnearxTxcUIGyR0H1POpcHhzRjT7fqObXS9CQJ8DXUQSzbauqwiQ5xketI0hSXGiNSSVFMFKPZkAACNMC3cJ60O4Wy9a1LhRAS8srlCVpjQ2DZV0klQ7w/SJ2r1x9hKhCkgg8iJoevDNouG0CJghI578ucVQ8Lqkxqa37zNYbLQsdm+yClIC1LICU9qJSojSf6EnTJi16yHEWOQPwmyVJSSSpRlS1nck/DwAArV8R4l1wKSiSACTyEViGsmddSHEAKSdjP028qIY1Hhdk5ZHJgnMMX3NA3VbyTz+lWckYNqIYXhVeqV3POtPlfD4SLirdpGyXAMbUdwzFMwuECRRBtNOhNljDpimYolPrz61M2akVBEG46H+W8xVObB4i47LMWbY+egBjnLVi87kk71vsZlWq6V6fBQn/kOXpQDF8NqV7TqI9T84rEtNkT5Rs/c467PPPu0nnE9PpRF5nsWj+tdkjoP5etQvBNMjugur5RtPyHvNDDlDjq9TgIPIDZI6D61sx42uzJkybuEDMrwxAFq0GFw9WsNlccrUTw2B/hq8pKjLNX2WatN4WKmQ1FMCNtO1SoF6kApihzpiJtNOAqELilLopATIp4quHalC6AJgKU1EHKcF0ADm8vQnFqfc1FK0JRsSExfYCfXxNW8ZiyBGGavbvOEgeMA3+EVKajWJqt4kyayFZL2NAOlbXOAoe4d0D312DzfGpnt0sDoUE/HUoVL2FQuYMHYfCo+F8yXiL2RVzLih6CElM/0gnyvaPQmsfimXXllbqlKPjy8hW3XgEpgrBEmAOfn4CrmI4faKNQUtMXMEbeoqUYRTv1E5tqjC4bK4omxgh/jxrS4LIGlokhaZ2Ooz53t8KI5ZlDbItKlfrVc+nIelWrkrboBN8OukA90eBNx7hXVqFvJBgqAPQmupkbZCTavOPtH4ixWHxCEsOlCdAVASkhV7zqB6V6OpNeXfaMQMRDyFaSAULFynlYGxHUVXllSshO/QjxHHPasMrWEhQUpt5I2MgFChzAISoeBHlTOEsV2WKU3q/DxAKkxeHRvytKJJP8AQKr5Bw8hZC+6pJSQlQuEuRAMEeMwRYxahuHwWIw7qNSgErWpKZPehJ7xjkJt76o8R3aEnzZt+IsW5hloXr/DUkgggGFC4MxMET7qiY4kC0zAnqNj6VVzxaMWlrBlRKlLSVFO6Uj2j4Wt60J4iyxGDcSlqdOnmSSBMCSev7UY8npZZB+jNAniJJtN6u4bNgrY15/iFBQ1p9ob+Iq1lWM/x4VfZY0ejtY4Gpxi6yuHxVXUPTuadio0Hb2qNcRyM1QZetUoXQFE6mweVObw8mAJPLnVnLcApzvHup69fKruIzBtkFLYlXQbn169KTkl2NJvohZyQ7rUE+AufoKtDDsIN7nxNA382U4NWqIvA5p5j9/Sp2TOlXofI3HxB/3VS83sWLE/UNNutTASLGPZ/nIilS6gidI2PLpVFS0olSjAgE/L9hVLD502SpF76gCIPtTGxquWqhF7ZNJklglJWkGl4ZsjYfL5VTxOTTdCo8DcVaxDqUAFUxMk8gL7x6VO2qYIMiJkc5/nxq6ORPorcaMlmDbrXtJ7v6hcf49aHffq9BUkKsR4fWsrn/C8ytjun9P5T5fpPw8qnZEHIxwNTt42swHilRSoEKBgg7jzqyzjKkBqG8TVlpybCSfCgeUJLioBgC6ldB9eQFbHL9IEJGlPxPmedMiweSRYiPMRUC3orUFpKxpUJBrA8Q6sM8UKMpI1IJ5i/TmNqbBchlt2fE+FTOYktrSgDkCesmbelCcjxsNF38xXoB/SAAT6maOYRgLharmq274Q6rksO4TtCknl8aupbAEbiuZMEVIRUkkRbY2qOa5iGk9Vq9lPU9T4Cn4/HBsW7yuQ5etZ7C4crcLjh1KPwHQdBSlP0Q4w9WHMLl7RQC6lK3CJUogSSf5FdUqECBSUAV8fiktIK1GwBtzUY2E7k14tn3Fz2LdCFq7NkKskIBKR1uJJ9fSvReOOF3MXpW04ApA9lRIHmCNjWEzTJcRhW9bzffUqNaYUSkAH8u19zubVVllLquCl2UsvzJ3DkLQnVJumY2NtQAuDY7VV+0B5SXml9ovWUytJVPZEmSkQLdOe1SZU4pbqUIErJmOSQLknoBXcTJw7jy1NqW44SSs/9MG8gT3vaqjG2pdAR8MZ8lglYSpxZ6C59TVHO8zeeeU8+FhURoEgIReN97j1irXCi8Ol9BUrnYEHfltvVnjrEJXiJQ2pegCeQVMkyBeLDepJ1OkTgvMivg3SLHpT8EdKiOhtUDKVEyRFh8BS4dX4ivOtJb6Gpwj1FGXDQvL0yBRnDN+FMCyy4aP5JgO0767IH/I9B4daG5XgS4tKRz3PQczRPiTNEtJDDdrRbcDr51GclFWyUYuTpCZ3nsdxqABYkcvD/NC3MueKdbYSZvpKoPmLfCgq39NybfyZrVYbGJSwl5Z0I0gnnA8uQ5+HOuRn1Em+DfjxRijKZ8t5hpGKbUlxtRGoAadCj4E7EyD0Pws4PNFpwynyCkISVAKNjAkDrvFFXMKlzDpYlKi672hB7yUp7QuHbeByoniMAy8jsnG0qQIgEWttYVlnnbSV0XxilfFkmVhL7CHFp0l1EQCY5EEA25CstmqmMIvUXZVybSO8r/xi3rtU+NztTLxww1GAFJ0j8psAY6RUGdvLxDMNrSH0kQoi6RedQImI/aq5zhKaUk/qSjCcU2un6A3JeIMYtKu2UlKFEpbBEkeMiLDa/Q1rODMxKUBpxaFQO4QSCqLXEQCLc6H5Bw8lLKBiFdspIW8LQNBMgKkkmVEnyNVF5qouWCQUk6YSO7aO7a1iaseolincX/4R8KOSNUehjEpCZMp5d60fzrU8dP4K8ryrP3FOqbcVJBKVT7jvyrZ8FZqHmiNUwpWn+yTp+FdLS6uWSThKNGLPpvDVp2QcW8OB1OtFnBt/V4H68q84D2kkKsQbgi4I5fOvcVItevNftGyHT/qEDoFx02CvkD6dK6FmQuZENLIPNfePr7I91/U1o8I7EVnGlwEjpFFsO7UkRZo8O7WZ+1LDg4RL3NtYv/Sqx+OmjGFcoV9pK5y14dS2B5601J9CXZQyrBhvDts3Kj31n+tQFh5AAelaXL2dKQKzmW4jtGGMR7JWnvJP6k91RHgSCfWtNg3NSQarXbJPotJqdpuahbFW27CaUmCK2NwqFd0pBihqspSPYJT8R8aKuGTTKz+tlgM+6Ojmk11E66pbmIqqFZzjHhj782lIdLZTJFpB+IitIRSRWtq1RQ1Z5Xw5wP8Ad8Ulb7gUE7e0khRBhXdPeRMiSQOo5VT4s0NLLTbZU8ZJkXuTKlHpvXrOJwyVxIkjY8wfA7igePyBtSNGpQgWkybbST3j0uayzwyu7LJNOKSX/Z4tlWCKSpTadTjRSuDsUzHWxmPPV4UYU0tzEnELTpBbACYIE+Oq9rHz8q1vDPDv3VTrj2la1EBAFwlKSYP9xn0geNWX8uccJVpgVKMObfY1VL3MTim+zQVHfkOpqtlODJIkXPOtdi+GlrUCoTGw5CiuCyQIFhVqQrB2X4OBAFGsPhavM4CLVcbwtxG9MLLGAQGGFOncgx5D6n9qxOKcW6oqCVLUomEgSfStTxxidDaGgY2HoKz2VNokOrWoaFQlKDBUqJMn9NwLbya52tyqPbNumg3yT5IHMKlbuKQEIAm6oIAnepXcb94bS7hVQCRqBGyTMyOoPvkUmcEvoVrZS6kDVpWNQVA5TsenWOVC+DUN9s8Gm3GwlKJRNoUVHUnVaJRFjHrXIlJSi3Hv8+5t20/MXeH8nYYd7RAUVEkSVTAUQSlINkDyooM3BSpSGnTpUpMaQCSkkEiVd4W3FR5uktIUMOJeIsXLJR6JBk1kcBmC28QGyCpXQie71tvPWqoKTT3vc/r0WNJ/Dwv7NC5gFJecWe84o3gGwGwHhHv3rPcTZglp1GoQdKkuGbAEpKAqNtlH1NafJM4WsvsrLiFJWSjWFDW2UoBKZF0pXqJjYEdap5hkfbJWhxAhIuop3M2v+YWEjzpxgoZLlbtf4f8Ar7dBvco0qVFrLM9bWy28SCA32LoBHs2haTsoWBtQHGdmFKU06h0C8IUCb7SBcetaLh10v4VIdQChaSCkgQU7R0is/wAMZDDq1MJBSCpBUo2UkGwUdyYAIjarZKMrvsgm4Mdw/l6ne07dFnCRHNIVOx5EA/Ci2XZcnLsLLS1OKWojWqJATaBAgedLj1vtrjsUtIP/AFgvWNwClKQAQozaameQexU1BWASpKZGtKjukflV5TzpbskVJN1fVfntYPbKSdcIJcL50VqAWfa7v/lBI+ANaHNMIHG1JUJBBEdRXlnC2b9pikoKCyG1aglRGpRgiVRYeAHU+nriVAiuzoVNYts+znavbvuPR56popXB5URw/nVbiPFIZxLaF90OyEq5axHdPSZt5VfYarcjKwhhdprL/aTj5Q1hk+0pXaK8EiQmfMk/7aL5tnjWFR3zKj7LY9pXpyHibVh2St51Tzt1qM+CRyA8AKkRRrMjaK8M0AJLQKFAcrkg+Rn4GtHgnhAGxrL5Y7oWlYmxE+Im/wAKONsHtSobEyI2KTtFQfDsn2g42amcdsI9R9KoofTOmb1ODUMkN6qwTpkkzSU0UsE7VX4bRLcis9mDSSUqWkEbgm9dWdxPDji1KUuFKJkmuo2yJeX3NJXRSkUlbDONNNKadpvNcTQBD2Q6D3U1SJqakNAFcsikDIqxFJFICIIqfCt99PnPupsVNg/bHr8jSGYrjl+cQB0HzNRsNJcQlrsQgKFlCbzz3E8r7+NdxcicQryFCU5gtpCkF0oEdyfZB5i/gfhXC10HKVo6+majEPcL5YpLZLyysEnRfZBiJPM7+7xpW8J90xjSkH8FxJBUo3bAItPMEkf7aK4HsktpbSuNGlMqO50pM+uqkz44dOkOJU4pIiAqANXludqyLyXLj6/P7clsnva75/ooY9pSFnVv8/LrWefwxdxiS2DCEw4rlMyEn5x41Pn2bLTh1lhTgAAEKIOkG0pO8CZNX+Ek6mUpUhSVfmUEKKVkRKtSRGo8/XxApx4dtyhz6FrnXxcC5i5obWqQClKlajskgEz5QCD4E1axDOIcwo7+oKRq/DgqUmLadUehvQ9nFMYp11i60tj8RJBSDeNJmCR15QIvJo7iQXEFJsfyqTYp8iPkbVNeVVK7/wCPmRmnJ8GZ4fxeJfZLS0KaAOkgI0KCR+U23IIuI+NGclxLRDjbJu0vSsdDpT9I80msti84dGIZlUOArbcge0EqAB+fvqfi3Ehl7Dvoc7FxYKVrHNIKQNQNlC/MVa8anKvfogpNGozd8Iw7pJgabE/q5eV4oNwth3FuBLpUEAFRBnYCSJPz8av9mh4obxDsqUlRCYAFkklQAtMdao5VjAhzsWUhLbYICSSokREFRM3Bql0kr/ESVu6IcXnalukhKdAJgQIH7z4+NazhfHqW4tJ2CRz8AR8686xWOw6VyNRKllCQRA1A37wtHO24+HqHD2ASgBYuVJEnqdzXQ/T45HPc7r5mfWPGo0kZD7YsKFMA9FpPlIUP3FP4YzNSsE265dQbJJP5tMifWJ9an+14/wCkV1lEeetND8oa04dLPRvR/wAYrtI5jMfgnFuqLzpKlruSfkOgHStDgqzuTnuitBhhUhIOYUzvRnBPLSO6SB03Hx2oJg+W9GsOKALqUalhcgG0ja/h4Gr2LcgDSQSNwOlDUopS1zqO1BYZYcBRKiAIuelB08Sson8TtBy0gknw6e+ocQ0Vd3vK8Jt8azef53hcGdKzqc/7bYBI/uJISn1M0Ol2NK+h2YZnj3HFLbX2aD7KIB0iAN+tp9a6hKOMVESlhMHaX2wfdyrqjvx+5PZP2PU640ppDVxQIaaacaQ0AMNJTjXUAMnrSmnU2gBBUuHVCgfGoq4GkMzHGDEPydiOtCcBl7TzyUOpC0wTpI7pgE36i23jWq4yw4UlLg5fvWXwuMDLiXCknTzG49OY3muTq4tPg6OnknHkOKA9nSAnaAIEbARtEcqz2f5qj7ypBCtQ0iwkElIsIvzFF2s6D5cThY1pAUoqQqEgm+kGJMA/y1TYPKMO0+HTJUVBV5PeJ3B5ieZ2rkeHXGT1/L5NyyJO0gM/lS16GlpSlDikhySArRqBIgbEjxt0o+t5S1htoQPZSkWAHl5UOzd1ekQiSdz+lU3kbyL3qXIs0BxDrIhS0t3UnkowSFD8pjY871UlKaUVwu37kpOlufY7GZTpxAfS6gOBBQsaTDiTBAKgbQRZUGKB4vjZLS1MKaWXgSnTACVdDqk2PKjC21E0Dzbh9RxQfW6hsdmEBMFSjdRBMWSO8PGpafNHI2prhLjn/DbIyi49PsGvNpZaRinfxcRiJWkGyG0EyCAImZm550ZwmFQGhmDyQt4fhtp/KIM6inqJMfyAPE+K0oZbfICkBQSpMlCkaiUxaQQCAQaL8N4jtGFMuqSlpQ1tknvhX9sWSRG5nwrdKTrcuPb8/OStJUk/uCcRnTrqypajttPyGwN+VFuAlhbjyXkgJw4ClH/uFWuPIDSbeVCcRgSh/srFe43iORkgW8po2jLlIYcLIh0tyrn2mmVaVddzBsQT0kVU5Qi6a5fX1+ZZkTa8r49Qi9mpdVpSkJb20gD2ekRWzyLBlphCDMgXkyZ6TXn32crW85qcTp07Ig2PVU3J8OVenExXS0OCcLlN22c/V5IuoxXB5v8AbDjIZQmbl1Eekq/9RWRwGdvCPxOm4H0qz9q+Ya8U00PygrPmbD4JPvoKPyBIMXKyYudXd089v3ra7KI0T5STfzt760+BvWZyEyK1eBRtFXlIYwqaKsCqGFTRJkUCLKBUmmkRUWPzBtlHavLShCYlR/l/KgRFxPjxhMI66DCkpJHUn+H41854zFKecLi9yZgbCa3n2rcX9uE4doKCCAtRIjUN0iDfe5noKwLFZrtuX8G3HHhR/klSk11TpFdVe42+Ej6cmkFKBSmt5wxIppp0000DEpKWmk0Acqm1ylUxSqAHTS1H2org4KQFhbQcaUg/wVgsThylRQREGPE1u2nIMih3EeWax2iPWNyKzZ8e5WjRhntdAbhbCIbLzkgKhIBPIGfeZ+VUsxzVSCFhxBbC09pDYQdBUAozJkAGTsbU952G1Ig3iSBsRMfM7VFw9hW3nFIUNSQmVhSSAUmRHeF/EdK4ebxPESS4OlDZtcm+S9gUOPLdLqtLbaoAAAJJFk6okJA6X2vUuAyttsnsEhtSlBRKZ7xndQJOr51Bl2JW287h3+6CQWlHa1onlIiOVoq/i304dBW4QkD4+A6k1jyb7SXXr9fmXuv9FXP3/wAcpIhIIBA5jnPWh2dJX2p5gkkHwvBHhFS4TMVYoIWtgla7ApVudtKgZ0kCL7c6qZ808k6G8YELBugNhSB4alc/ER5U3ibk7aq+xxltSVc0D8xwiHFstrbC4UVFJ2iCO91BnbnFaZWXMOo0KZQJAAUlISpPkUi1AeGcQv7w4y8k6iEqBkmReCLXBrU4pQaBEajMBI6+J2AqXnhST4X8c8iltfPqef8A3/7riEh/U6W1qTqQJKASAmRzBgyB4VuTiu1PZtoOpdlLOwSReJ3MVjcTgnW+1Q7pOIdc1J0i0FWorgkmN9z0HSvSsoy8ltPa325R6ePrW39vLL8Fcfn2M0sqjzIZlGBSl/UgWCCFeN4T8lVeznGBttSiQAAST0A3q2htKAY23NeYfafxBq/07Z3usjknkPX5eddbBiePGoPs5+Se+W48/wATiTicYtw/mMjwSLJHuAoupoBPlP71T4Xwep0noPrRPM8GR2jqlEko0xAASlIMC3nUpVdEo3tsi4cT3RWywTVZLhhMxW8wDVq0GcssINX2hUTaKsJFMQ8GqGfZaH20pMShaHADsSk2B8DcVfSLfz9qWaTV8DTrk8y49yI4g9qjDvpcAMwgLQevsq1f8a84awS5ICSYMGAZB8oketfR6xQTOeHGMQrWtJS4NnUEpX/uT7XrNV+FSpFyzc8o8kZyPEFIIaXH9ppK9NVw64DbGOgcgQkkep3pao8GZp/dI9BrqWkFbTnDSaQ0ppKAENMp5NMNAGL4349bwKw12ZccKNVjASCSBPMyQbeFZ3LMRmGNQH3MWcM2uezbbAB0gkaiTcCQYkmYmwq8402/mGJecQlamlIZRqSFBKQkKJg2JKlm/KPGiWa4JsKBKIIgSFKT8EkCx5medcvWa1wbx4+/c6Gm0m9Kcun6GFzXO8fglJ7R/tm1bKIAIPSQJ9b+VGuHuNCsgKO/WkzV9KHk4ZbLTra06klSApQ5GSbzN5Eb1ls4ysYXEhLZOhXeSJ9m+0neL36RVml1PiJRn3V36MhqMGzzR6PbcvxwWKKsPRY3Sfh41guFsQTp8q2aTatxkZUzXJ9PfbE+A286HYUltWtIGq4IP5gd5/m8VpGHyLG46fSmYnLkOd5Jg/L0rNkw3yi6GX0ZkswGIcWkJISgKBIsSUgiUyRYG4q3xJhWnDrVKSBvEgiLG23rRE4RSSSRbr0SP8X9aagSkk7wT5E7fEiufk0aaro1wz07QA4TeKnVqSlbaEhSEkiAsqFl25SIHSZ50OxmCcSvvTvv19a3TSIAjqB8D9Kd9zRqB0pkCxgWudulVy/T22knwWR1e220ZbJWj2wc7NUICUhce0ArvQDykkeQNFczyxRWFJm9xY/yaPstAEjxPxv+9WUCR4/vVk/02E4qN0VLVyUrM3gsl7R8POJgJQEid1GTJ8pNacCPL9qa44AJJrL57xHbQzc9eQ+tdHDiWOO1GSc3N2xvGPEwYToRdwjujp4q8Pn768tOFUtRUokqUSSTzJ3rRnBFZKlEqUTJJq4xlvh8KvSogV+Dcos4s7Tb3D/NRcZsaGVRzkVuMkwQQxtuT8zWN+0OzceP71nl8RfF+UD8LoVAge+vQMGLXEGsXwi3tXoDKbVqRmZIkfw0+KQTvTgKYhRXKvS0kUgGmo11KRXMslVhtzNAFceVdRdDKQIgV1FjJTXVxrqZASkNcaaTQAhFRqqQVC+6EgqUYA50DPGOM8fiMtzJ11sBTeICVFKhKVQIItBCgZuOtbvEq1ttuLHeU2hagm4kpG3OsxxGv/8AVxHYNBIaZkuOkSEzskRurfYx7rmclbxTbScPDeIQ2NLbhUW1hI2SoaVhQG02Mda536hpZZFuxJbv7Nmj1HhupdGfzN9ponFvhw6O4hASkx0uVXNZx7Frxb6XFIKRFk/pTsBPM92Z/qNeg5jwg9jCn72pDbabhlqTJ2lS1ASY6JG/rRXJ+EWGAAhNh1kn3mp6TSvGt0/i/pC1Oo8R1Hor8L4MpAmtWlH8mmMsBOwqatplErguNq5VNmgRYGKtChNKpTZ3+Phf6VWpCKi4pkky0W0Wvz6+H+ad3BF+XXxqhFIpNLYh7i8rFoHMcqqv5ob6RVcopCintFuKWLK1+0bdBtVVODm9uVjRQopQipJUFg9vBip2mLC0GrOmpUooYF4IhpI8K8z+0ldgPH/2r1LFiEgdBXlf2kDvI8Vf5/as0vjRoj8DJeD2rCt02m1ZLhFvug1sUitJmYkUppYriaYjqRSqc0ypVxYdauN4UC+5pMZUZwxV4DrV4QkRTiaiVUbGMU8KWma/CupDLVIaWkirCsaTXVxrqAI3XAkEk2FeW/aDxDiF9kww2pIfkNq/WLAkRtYg6jyNrSa9E4iwCsRhnWUL0KWgpComJEcr0Eyjht4OB/GPJedQjQ2EI0obSY1EDcqMCTa1MALkWWBhpLDfK61R7az7Sj8vICrauM8Dh5SXdRTZRQhSkpPipIj407jJhR7HCMnQrErUFr5oZQkqcIjnFh4mrjjCOy7FhPZJA0pAAIHmk2M8/nWLVayOBpPtmnDp5Zba6RUwv2hYRxUIXPoR860eCx6XBKTIr5wzAFrErSABpWQQNgeceEzXrHA+MJSkEnatUXasparg9CBpwNQtbVMKkROmkIpRXEUAMpKUDfzrqAGmkp1JQA0imxTjXUARkcqcK6KUJoGNCanbFwPGmCnJVBB6XpMC9mH7V5V9oJl1A/q/Y16RjMdPKsXm2SOYl4LjSlJ57n05VnpuZotKDLXCjUIrTJFUsswXZpjpRNpsq299aDORqMVPh8NN1bdPrVlvDARzp7hilYDVGLCuRTQdSfKlbHvpDGPrg/SquomRUr8nbypAmD86QxnnvSVLfoa6gCzSUtdVhWMNIa6uoAQU1VdXUDMf9oKHG0tY1oBSsKpSlIJgLaWnS4J6xWZxf2l4NKNTSXVOEewUgAKP6jO3lNdXVnz6XFmalNcotxZ5401F9nmqll0uOm57yiT+ZSj3j4AatvEeNb3gTHSgqQZ0GFJIgp9dj6V1dWiuEV+rPSstzNLiQRRIKrq6gTHimxXV1ADTSRS11ACRypqqWuoAaU06K6uoASlrq6gBDXTXV1IYhFKEUtdTETNMz+9X2kDltXV1RGNxCog1WxD1q6upDRNh+YpVGKWuoAgWSLedMUraa6upDLSQDeurq6mRP//Z', 13000, 1, 2, '2020-08-11 03:47:25', '2020-08-11 03:47:25'),
(67, 'Es Pisang Ijo', 'https://ecs7.tokopedia.net/img/cache/700/product-1/2018/9/26/26345270/26345270_9352bd26-9b8f-4888-894e-6f2991a3ea32_690_631.jpg', 11000, 1, 2, '2020-08-11 03:49:12', '2020-08-11 03:49:12'),
(68, 'Chocolate Brownies', 'https://bakingamoment.com/wp-content/uploads/2016/10/IMG_8205-brownie-recipe.jpg', 18000, 1, 2, '2020-08-11 03:51:27', '2020-08-11 03:51:27'),
(69, 'Strawberry Juice', 'data:image/jpeg;base64,/9j/4AAQSkZJRgABAQAAAQABAAD/2wCEAAkGBxMTEhUTExQVFRUXGRcYGBgYGR0gGhoYFx0YGBobHRsZHSggGhslGxoeITEhJSkrLi4uFx8zODMtNygtLi0BCgoKDg0OGxAQGy0mICYtLTAtLS0tLS0tLS0vLS0tLS0vLS0tLS0tLS0tLS0tLS0tLS8vLS0tLS0tLS0tLS0tLf/AABEIAOEA4QMBEQACEQEDEQH/xAAbAAACAwEBAQAAAAAAAAAAAAAEBQIDBgcBAP/EAEQQAAECBAQDBgMFBQcEAgMAAAECEQADEiEEBTFBIlFhBhMycYGRobHBFEJS0fAjYnKC4RUzU5KT0vEHFsLisrNDVFX/xAAbAQACAwEBAQAAAAAAAAAAAAADBAABAgUGB//EADwRAAEDAgQDBwMDAgUDBQAAAAEAAhEDIQQSMUFRYXEFEyKBkaHwscHRMuHxFCMVM0JSUwZiojSCkrLi/9oADAMBAAIRAxEAPwCCsQk7+doqFkhfBKD08ouFmF4cFLJdyC2vKJCirOAGgWpXnEhRQlZYEkjxPzMSFaGxGGKSyQ4OsZIUXiMELlQV9IkKL6Thg2xMSFS9EprEAGKhWvJMoHX4RFSJCfSJCtRw0klepilE6yLJTiJtKRYeJWyRzi4lW1srokoSMIkoQA4S6z6eJavugsfPYGN2CYbTJbmNm/X8/RZDtB2pWoESiQNK2v8Ayj7o6+Ly0jJKG6pbK0QPc9T8Cxi5CpiqQRe5JEUGoSmrKyxYA+u8SFZCIkZTbiYReVSF4MAlNyX8ogaFIUl4RLWPpEyhTKpowqEAnfrF5QqS7FqQNCNeUZICtVIxgHhCvMCKsqIX3fLUrhQS26ucXlUAlEScPiCXs0VlVwrjKnM9CT0BiZFIUlmaLd2W3iZSpCvlTUAccs+oi4hSF79tkfgT7RLKQvsThLEhgY0qlDycIqmq5VyirrUqwoLXQB6xcqkNLJ+7aJKimnvamDX3iSpZQomBROrdYmZRXfalaFJi5CkKqZjgPuvtFSFIVH2uzkERCQpCmqegsXAiKQrZMpJ+/wC0UrhEScMhOlyd4hCpdOyGUZGDQQlImLuH/eJIKugTc9BF6BGpNDnQ7QXPz2WHz7NO8eWgqMsKJUs6zFnVavkBsPhlXWqmo6dBsNgOCSzlJcAAs1yTFoKslYpKCyQ8XKqER3n3umkUStKoTEne8RQKE2YA0WqVomjmDFqIeZMB10iiVIS/uHJ0A6axgqL3DyxVSSbdIghXCeSkoAA9xvBLQoLKrHTFJBoLDrFK1BIWADVGlS+XmK09RFqK+XjCraIopVj8IiZVUodSX+6sCMKlCRNCXcktzNoipVGe7E78otSFYFMHSHila+ExatUlopSFKTrcsIipWqWkCxf1i1EqmPUwDxmFYU50ghnDxcKKHdJA0fziK5VqZQL2piQpKfdlcmTNnIQxYXVc+Ea++nrEVgrZ9scfTLUAaX/Zp9Q6z6JZP85iyjfpZzN/Iae/0C5jNMyqyw3XeMoVl7MUvmknkIuVSomTlJI4UknYRFFCfPc6FPOKspCtCkC7l4kKQvjMB0UD5xIUU5ctvwnyMRRfLT0tEUUpTNcRairmFINneKUUz3hFrHnvFwqVVU1XDQSBqTFSrCKSVAUOH3jWZWooNG4i5UREuYGPMxWZUVL7WekVnKqFdPlzD91UEhZUJGAJN06xMqpETsuSA1NomRSUFIy8PYltw8ZhXKvnYJQBIJERWlq5pFlF+VtYpXCulh2BDRcKl9iMC5BFm16xkhWh5+Gc7+jxFJUZkpmAUYtSUShJDBwfSIouk9kMJ3WHVOI4l+HyFgB5q+kXpdbYzMQ1ZftbjaptPiEvhd7FZLrPqot6CKUqOzOn5GyzndBSuLXpFFYVM7Am6gSIyrQgSUkuL+TRJVwvHe5Bi7KldLKSGcRIUVeKR+FMRSVZIw9rWMRRfKlL5/GIojAhYY1jyIi5UX01EwqsEm2sQqBTkywCHUQb2e0USAjUsPWq/oaT5I5a5fcpVUCoqNgfujfzeMh8uhXUwtanOdhEcQUGUgAKaxjaBCqzRdKAQ3lEIUSw4wqN7NyilYCs75PP4iMZwul/g2O/4ytYiYp2N/LlDUrkwi04nkD7RcqioqWokAU9XiSswoYiWBepDj7qd4wVasElRAdEVKtCYrChwSghuQjNlcq5eXoUAopPraNAKSoKy9wwDRIVSiJOACdTEUQONwAuyX6xRVhRyrKhMnIlpF1H2G/wiloLoed4kSJXCLS0ikfvHhlj5q/liyjN8LC7jb8/Yeq5VMQVK8BVff8ArGUFfIwxd2aIoUyRKS3iBi1lA4vDl3AjBC0CppytVOljtEAUU5eVp1pv8IuFJVYkMdG8otSENPkh2u5PKKJAuVaGxkwoAqDXbT9XjDqjWrp9n9k1safDAA3P2G69TmKblKSoJ1I5c21br1gYxLTC6lX/AKZewD+5fp7aouXiO8BSimq1ioJseT6n84I98CyXwXZBbWzYgeAcJMny246KueihJSpiopQUEGoTD3in2LIISTqPCGBELPfePcHnHzovUNcBBbZoJBGmXwiOF5IGh11BWb+3rJsQDsfwuRoHpZzyg9OUtiasmIgcNfVMftSpskueNKQzqu5JNgkMOTl/hBS3debxWEB8TBdWnBKoTU5I1c7xIXGNjCPy3JTU5ZLEirapIJ3sWZy9gNYw50iy6fZdBrn968SG6DiZ+ecKrvV81f6af9sKZm8l7eKfD/yP5W2Tgg7m0dVfL5RMnCgvowiKlFODS9xptFQpKsRgkL0RSxjMKSjFZYkjU2iLSFxGDAFn9TEVSgZ2GU45DnFhWmGXyEtFqIfF4ZLur4GMwFFcMLKYaiKhWnGQ4RCapjAAAgFvUxZWmglB50oLISRvWroSLD0Sw9TFBbqkTlGgt881n8Rlt3BaIhIX7DMfUEbxUKL2XhSNU6xUKK2bgklLCx2PKLhWiEYEFIDl+bmJCkorCZeB94xAFJRBy0AXAIioUUDh5VQJHEliB12+UJYyoxjIJuVl5OWVnsxTSqbXQoKpUKUipCyq17mYshkgFhZtA8K0sY0t7uNl6PD9oAZG0pgCDJsRHsN+Kws7BqYTCeGZ3hAdimlTcb6PtzLRtwDWzw4L1bK7nDKdo9xsmnZ8pQAaDUQQlYAUmpRUEqILuygkAjrrpBc0C/0kfApWaXMs4RMkTBjcT0mZ5aJr2jw5mylLQkhIpWxSEOhZKMPLSGZk8ZVpqblrbNxI+kW4esrnUXmm7ITe4sZuBLyTztHlYJJlPZ1Mw1T5iEMp6SpKSpKAzBkkvZ7DRoj6uSyTx9R9JpIHhG8E66E/NU6nZTIllM2ShVLBISgq0GpFYc2ufU73EzFP/lcSnjnP8Mz5J1i8sw3dgiapFABdQuoDm93/AHtnjBq1HTmNjsEq4Go/xarOZdjJQ4CJxQVFRsggJIUk+LUFLguWBD6mxGVmlxBnpExt917CnRLcLTdSy/pHGSbHbcOv5xpr59pw/wD/AED/AKEz84Pno8fZXkxH/AP/AJN/C3yqRYjTWHpXgQvQhGof6RSte92HcPGlkogLoFyw84oxura0uMAKqZm6G1JA1ZyB5nSBOrsaJlHfh3sGap4Rz/GqRYrtnJSTwTCA7qYN8S8J/wCI0zoDyShqtCdySpQCmcEAg9DeHO8TYoE6Ar5ctfIj0i86v+ndwVIkqF2V7WiZlk0iNV9LlEqAu/LT5xeZZyc1qMRTKlhJ0AdXkLn3LD1iFFp2l3DTr8usucQVKKjqXJ9Y2lpXomj9CKVqYmpGwfyiKlBWIRqflEUVIxaTdJBilpeqmKIcbcopUicGqoEG3zii3MCCrQ2Y5fMKqpWJXLsHSyVItvSQ49DAxRLR4XFaLwbQlU2djELSVJlTkC5Uh0qHIlJdx5HePN457X15JOZvKyzYmFzfN87mCYZVaqSeNWqgfCQHIALWfqecPYeiC2SPJdjCYdhIJcvhipf2OWgqSVBaxwjiCRcEmriclg4sHY7BxxER869V6XDABxM2j1Usixo7tV1JKagVVsRV4WTuGBHrswgen5n7J3DVO8ZltY6Rt1+aJ9Ixc2fMRWqcsEkpWt3ULIdnZkpqdjzi2uJMkn5ZWadGk12QNEC4Gg1PDcx7KfajBBPdKedRMSpQCqaggKAqNAcIKWLa8zaN1A05TxSdN7qofTOUkQDExJFxfUoPs7mK0hSZiqu7Y+JyAoLBSDuohgAPxc4A5kkZd1xcfhB4W02xfYW6q7D9p0kK7xNKZiVFCEh6UtTQ+7kEuN30aCOoG0G65+J7NfIqMOhE/lZ7JZk7EMmgjhUmoGkHb4E325xKjA0zmsvS4CpU7ksIgAyD9uPom39iYj8Ev/RV/tjE0uI9UTIf+T/yH5XU1Th90v0aOxC+fL0TaRxMkdTGXOa25Kpzw0S4pVjM8QlQlpUB++XLeg3vu0Ju7Qox4T7FEY6i0g1pjhFz+F4jMsKkgzTMmvdyOHVtNr20gBxVPUyfnBMDtVhORngbyH1OpUM2z1MyQvuwlCKgLalwqx9vnCuJxZqNyiwWO0mUm0qbqbs2YmT0/ndYiRK76aZbskcSz+6GYeentCwaWMzDVcp9SII10CeSMyloSEpVNCQAzaAfyv8AGG6DZEFxnfZe/wAJgv6WkGuIJ5/bkmGAzyXUxnqYDT/ka6WhoQ3UrdSnm/S0LW96EhJE0h9jDFtiuXlmQW6IzJVLXMUSxQnf97YP0YmNU5lL4sMZTEan6KrOMcCoIKakruTsEJNnG7lz7RKlSDETKlDClzMwMEe5OvoIS6bliVAnDruA9NyP8uo8x7RGu/2HyKzUZNq7f/cLH8H2PNKZOPclCk0zE6pPzHMdYM14cka+HdSPEbFXy545sY1KBCmuYCwcdYkhVBUkqALBNokhXdSTM5CJZSCl07tBJSqit1G3CCfkIH3rJiUdmFqusAkme56VCjDu5KU1bmsOGGvw3harVLjA0Xo8D/0+7LnrGLE8dPZLJ/amYnDsC9KiOrOlLOQHsrflHIq0M9XWxS9fstlLFimbgiVg5coKMyrd/vEMSbH95uUdEOygQmWdmMJIkgo1SZcshyDwgFIBZyCArxOee19oyTn05row2gMua42S7DYKepYMoKd7Hn6HUQfwgeJJMw2Kc7PTBbzNhC0WTzlpWEzVhDu6kvtxW2q1aF6lj4V3qPetAFYAuOkaecrTys2WZCkEhKDLmS0khKpk0rqDcTrAKrltCRtGBiDBANhMzreYCxUwTO+DtTIJ1DWx0gaaTqJSLETEpAmoSAiVSgA+JahUt3OgqU9rskaWgrHgjpF+KXrUXAlrtTJ5RoleAy4zFlK0kqdKne1KnIFrOosB5k7QUuIElK0qYqPEfp38luO6SiWkBAqqIRLKQwmAE6uxCQ7O+ovrC1Vw3mOQJn55pxt3aw0ASQf9M8NZPKOiG+2zv/3U/H/bGslP5KY7mn/wldIkLTcAh+kdaV8zASvtODM7uQgsZqkgkas+nsFH+Uc4xUjKjUGBzvEqO02AlJlCSgCpDGqwAbYnl8Y4+LDHeBuoXSdgXYmiTvssLNnEWFw9xuARSoezH0EK0zs+y85Ww7qbi1wIPApFNzNaWYslR4h5Ei/Ih/jDIoAhZYMxyn5ZM8nxjIxJVuEIccyVP5WjLrNAG63gqAqYmm3aZ9P3UMpy5IIUlZKQeIH5R0qTQ4By9aakWRcxaUz7gKIZSKU0vq4JJ1F/hA64INguhhBnEPKa4PHzpjGhLN4SSaW0JcWPV4D4zunjSotbaV1PL0KlYVCVllqAqL+Fw5ufwpB9o6DAWsE6ryNYiriHFug9/wCSsLiMzMyaqahQF+FLlwgWCWHQDaEHPcXZl6Wnh2spBh8zzOqbZZnaTMCSKHDQVlUHkk6+DdkkXRvafKhNliam02WCQoakC5HLb3EMXXJaRdrhZZ3LsWpaQSx1Djcj89fWGAVy6jMroCOE1I1AiWWbqnMs1lSk1LU3IAOfaBVKzGWKNToVKlxostmnaYTJDy0qS6ylRLPSkA7aOS3oYTrVs5AGifw9DJJJkqPZzAiayiCa3TbUIKVuoPZuEl+kYaL6Lu4Rgo0++32nTUW85RuZYaTLWTUFBK+FBIUF/s0BIqYFjd+VucU9wJG4EfJ6rqUH1qrAIiRc3BHiM20kbcb8FlMfgzKSQlSJgJSSDo4DqCS+rtq3hgIp5ni9wFmvhy+o2tFxNtDE6+35hC4PKlTJiVKFKHFXQHkH1gjBFii1aRLhUAvErRyMtwxZLmUoKFylwQ5cDVmBF1H7vrBWgRcwqdin05LWgiPMcJ39OPkjM7yxErDV8aQSlNm7ualNRBSo1MojiZzozaRuqyGzPzog4fHOfWy2Op4ubpMi1ttPusTmmP8AvasQwJcjVhfXSAhuYwNETFYoUx4dvko+VjnSmZdRIdLjwkqqOpvvfrCpbDsp2T7Kne0w9jfCfeyT42coHwm45b9CN/zhik0bFcvHVaoJLgRey1fZjCd0hJmpBK+JQZJmBnFIKrJASQS/NhFPqwfv89lWGY/uibh3OQOUxrefeVq5aiEuakEl0cTpM1QTVSKiDYi7smg6bkY6PE4u46Wv66eyE4CdiN7QcomJsPSJM77Cf9rSeWI/yf8AtGe7b/ud6In+KV+LfUfhdBElGtIfm0dZeASbPsOUql4iUHMsuU9AQavS4PRZO0YdwTOGE3+XWWxmYLMwqHEFHQ3sdm53jy81KddwdxXuMK2lVw4LeG3FLMxwP2a3Ce8UVJYDhA2vo5Og/DDFWn4gCvLf9QYw1XMpcBP2+yVT0VsAOIm7C7blx9Y0GhpjZeWqQE3zRUqVKQhSEu4NgHIbUmz+fW0BpZjU8Vwuh2VVqvxAOoi/Tb3VmBnJKVIlymGpekB9ruXMdQPyjK0QvYU8PeYQ+FnTEKUVJSeX7RiPJ0gEvFmrm1CMaRbEBPcqxCQyu7drkKIAJ2cgl79LwEVD/pHqivpuc3LmjpdFZ72lxM5whKEApIclwymfzt9Yw/FVXOh0AeqxhezKFETcmZ9FlJEme9JVxEggs4DcgDqRpBGupxa5TFQvmYgLRyMrmhaSiY55lJ/4jTASbJd9Zoacye43EzJUlQXMClqBSgAbkM5A5O/sNxDTWmblcau9lsouUryWSEIbqbcm4W8wA0HY4OEhcrEsyVMp4D8/dFTsfISpKVzJaSrYkOYw+q1oN1llF7iLLnuYzZmKnkS7lSiJY2bmeVg/kI5tMFx5ldV7gxvIJBmAXh1KkzC5Sogtu93D7XgpZLkMNzgcdvNdAyeaEGXJWyEhCgQlVdQWlRCkMHS52LsxiAmYfb8/hehaKppOLgMwIiLCBGs+n30XmYTJYlnuygUol0qQCyyuYCAxHCoAVEWfhtGH5bxqRtobx6pqkXl3jBMkyDtDTvwJMDWOKV4DLCuYpa3IVUUKUCSQXIWTwudNb30jTnBrSfVMPqAAHhFpsOUXj8bphmako4T4k8HE7Gmz3qDiwt1uIQ71wMEXHzosUQ9wzDe9om+3+n3Kz2NxJGvq1vlrozmOmHBzZ13/AIWH2fHPf7ckHipwa376lA6VNY8jqfaLc0ER1QDUc0Fs3+aKfYrBCYqZMVSEpBQKw4qIBNiwUrQAEgXJMBqS2I6rnFrsRVsDaJWjzjVaRLBdIU9tQCXFIuwDN7kxiqSJEcF6HDWAcXaGPknz+gSfK0p71KlLCQA5Kub0ilnqO7tb0eB6GyNiHOcTTAJ6b9eC1C8Ql0gJ4xSA9GjB2cMzOXGjwMOIBjroenH57rmtYYN7X/3eXv66hVZdjAFEoTRMZDCWAoBGiioOASzcLP4b2MM0nACW24RfX5xRMRRlozmW31kSdo1trfryV1GE/FN+H+6NQ/8A5P8Ax/8A0hZsZwb7roVQ0Yx1V8+Q+Yz6KFJ1BPyML4gxBC6fZrA8uYdwPqlmNwWFxBFChJmm9hwm/wAD5c4XqmjWhr9djun6TcThCXNEt3+fdKO0OTTTLCZiFOPCtBqSCA3mAd7cuUCrUCIIuksfTZjGZm2eJi2vL8bLBYGcsTFMldQAYAF358x+uUZNMxzXnX4apUhrQZTM9n8RiVd6pmvwgg21LgaXL6btG2UnAyQCF6TszBf0zPEYcVJeTd2KT3qQPwuQ/MjxflEBANwV6HxgTIKPTKTMZnUtIYGkpF2c3DP6xt0O0V0y5t3flDhGICmUCsFTh+L4wuRePqmIbGsK7G4cq4gpmAcbvuGsI05jRstseW6FEZSmYtksU0+JwQPUtGKbDMAIOIrMaMxKcIw84lpM1a2vo0sep1hoUyNXei5j8Uw6UxJ3P41Pl6pVnGcCRUqoTZzNWPCjWyOZ6iwc+cLVsXn/ALdP1+alNYPsyf7tT31PlsOWp3TPIkKOXpUAQpaHq5Vqur0Bf0ht39vDgBefqgVMa+eK5pny3mIU1irRnZIBCXO20LsHhKK8+II7Kcy+zzkzKK0sUkPsWcjr/WN0A5hzELdbDPe2IS7PyMVjlKlCpCii5BH3UhjoQXDefRzBKdpJ5oNQmmBO0LSYk92CTLoYUlaHCw4dzfiYh7HY+cDBLZOo903/AIjWBBe4Ob8shJeZJTwqAUkrClISWSpISoIqpYJZL6PtpFNaCI9dhPGBuugMU19UMYZMa8Nzre6ey8MVBnYv+I+JnNqnAu4NtPSFXPzCTzt9fT8rqGqGmYtHAabbRPHX7qeMwIRLAKkki9Vi7mt6udzd3ZuUIuqHvMpieXD7odPEOfUMCx6iBppyjRYzHm53dwb9SdTf/mOtTs1ZxHhExEW0sL8tNOPWEJMmk+QFO41uX6a+TQw0WgJV0N+msz1tKvw2dGWEy1AUpdudy5U4sSdPJ97wB9IElyFhstLEOfP6v3V07HFZd7uS9mDaJF2bSIGuN3LrnFgMsLRpx58Uu/tDu11i40IGoG7Ehn1uI06jmEJR2LLDm+fBwTKb2nClpNVib1B2JJuNHKQqzjW8A7hwkwtMxeHiBrwuLW+42OlkyxqklC3V94LclJWtKuEmt3UX29WEZ1HP5tuulSc4EEDYjcNB1FtuvlKWd5hv8Sb/AKaf98X3fP2/dV/VVuLfU/hdbnYwm9TCOtK+YquYxSbglifgYDX/AEro9mGK0cR9wk+PAIFi/wBdjHOqtDhC9VRJBlVYPNMRKISmYVIIYpVf/j0hVuIq07A2W6uFw9UFxbB4hM1doMOtq5bEHUag876Q0Mc3QhIHsuqLtMqScbhSakzFS1XuzlvjBG4qkbgwsnB4kDKWyOv5Vye6mBjiEKuQ9J8t9NNoKKrH/wCoIeWtT0YQhpWUSnqGIGo+8pmHneKGXXN7ohxFYCMnsPyj8YJBuucl9OFJ9I1UqUtXEe6BSGIFmNPqEsnY/By02WpZLeEJHndQ+nKAvxlJotfp+6bZhMZUPiEdZ+0IPMO1klB/ZyU6WVMLt5DSBOxpd+hvqmaHY7zeo/0t76rP5n2umzAxWWawDBPsLCAO72p+p3kulR7Pw9G7R+fUrIY/FKVYm7+kM0qYbcIOMrw0gLTzM4n4bu+JRR3SJZQ/DSpAZho41eCZi5sFeQrPDH5o1SvGZ4oSTKTSJQJUrmsgcPVg3v8ABin4QBur7xtMh412SiViSoBWxcKLOzMbFQ00ZoOYAlPMqZlpslxqZSSpR3ToBvu73PQFoVqGRZcztLEAk0mt03T7H5holEuoAEqWQCwYv5O8c3vXXMwPquRTFpJSPN8DLTg0rLMSKiPEACCSLF726CG6dUirlKdpVyKhgq7BZ4pUlUwOkrSikk8TikOAAxdmJfaBvGSW8/nsvd4Gm2vTpu2i420uJ1sdLKOY5ouqgoCTZw/DoNh5vCzaDQZRnMaynmuQZERc348Ouyz01buBUVNrt7npZukdFkwlaxl1jN4005KtWK4WUC1tOltdw0MNfZLPAg+XL33SPMJ7r5RtvikrlYqt/egK7DZlTex3uHuNHiskaIjMSMov85oebjVKVbV9hv5CNBkXS78SXENbr6pnhshKk1KUxDksdAOu5fYcoE+qRZoXSwvZZqQ6oSDNoR09C0g0nZifMXSXcmFQ5h2XTrYevFjI5x9krrX/AISvf+kGhn+5czPiv9v0Xbf7BxZDFEkcuNWvtDsLyKhKyjESTVMoKWY0qcuq2jdYDWByp7s7/PHQqjE/RvZnjnvN16qmkc4qsQbafOEjqugMuiExSrunZnjJbBRGFBTpxV4bNr+hEDQNURqCRj1Ie9+fKDd0DorLwbFSGdrqAdTHrGu6OXVYzU5iAp4zNVaFT9OsYbSzarc026IE4xRLavBe6ACw6uNFWorURYm36Ea8ICyKpVALC99RG97IQq+FCTVWeDNGy5uNqeBOc/zxE5OlJShAI2JRYN5iLbTMrzdZwLUmxGMTORSWTpoOTflBMpY6UrOilIQhPgSdOdy2pY2tppvELnFpzLp4LxOKfYRCFLdSSpjTxAWWxLgCwLC9zdTwFzob4dFXaTwxvh1KfKzFCQtzQFpAUAHDDfUfoxzsmaxG9lwGnileNUJeGUiWozgRWoKSKQmwsC51Pwhqm7O/hdGDpdZKez+NPdKSSxTYAAWBUksX1FtOY84JiacOzcV7LsDGMe0UX6g26X06E+iJx+JZawD95XEbHrZmB8ucCYJC7D6roABE5fL8+6UTPNt+hhgJGofFrY7G3WOKFnYou738vceUFa2Vz6taLmP40SLETnUTDrWwF52tWzVCVHvYuFnvTC03ZvLCWWWqLF1FgByfnu0L1HZrBd7s+g1g7ypqfULeY3K0ycOJ3eApmJSKXZQF6mJe7EW04n5QJzC1odPz5xXVw+Kz1MhERN9uX3526rO4+aCVWpPCWNmcXDHUkkF4EBmFvx1Trqha2AZERZB/aZHKZ7JgmRnApLNy9yu+ycUkq2bqSIeXg1Xns9PcKIZ6pf8A80E/CBYgjuynuzf/AFLR1/8AqVlcdcuPvXHwjlvIXqqOkHZLpFJSR1e+kLtLd02/NMoPHSZRBA6P6bRipE6rdMu3STEKASQkN5bv53iASUTvLQs/NKnIh5obCVLnbL0ShQFE3cxCbwFAYF1EyzqX/wCYk7KB26KSqmwGtvSBxOqjncFHFKSGUCFMbp/4i2AmxWXVY0QszEjUBnctBAw7oD66Dn3Y/iLN5wdgvC52LdLMxQ2MUAVBVKVhdJTcm1V3dmBDafeENNbC8+58r6VNBIAZNrmBlp3upKpwuLaaSS4LgPpyBty1jT2eCyawtbJUuVpcNjVskSwkbAltS7kA72ZzyhRwF5TtXDNrVC9zp+kIuQkkqKyVmzk+pts35RgEa6Li4kNFYtGgsp5DmQPdpp42CVAmyg1vQxt1GHFNVMKWeMLLZgtclUxILXKSxBDAghiNdIba0OiUQ+CKrbHaF4nPHHGC/TT2gRwsfpXUZ27maBVBkbi/sV8vFLUOFJb6RYptGpVuxNWoPAw3UBhVKurTlGw5o0Q/6epUP9z0XmNysAApN+V/rGxUjVBxHZwiWWKoynAqmL00uYlaoGNlL9m4J9euBGn1XRMFgAmXJYFRUopqSD4iaQLKAqpuASHs5aOea0jh84r2VPBsY5+c3Am/CJ4G02Jg9JRMyRLWFVV0JUU1i972/CLNofeNg5jAN0xlywGgSRMaefH1SLHSyEcOln6vc1cy5+EayCLeqTrU72+fPVA/aF/4Z/0x+UF7wJHI3gfdd1TSWqYn0t6w3C8WvMzUn7OsAjQb8iDA67R3Z6JrAOjEs6rNVGmWp3DH4OPe0cNxaGt6FezjxOG6VTxS7HnAXSE4yCoTgKXUbNtreNRKowEjxiQBYv8AlEYTKy8WSXHJYuCR1hukZEIFWpAVMtdQZnPN4IRBlLB+ZSRMUktpflrFEAhQOcCvZs0kgEXA0+MQNgLJdJQsxZUTbpBAAAsElx0VCklukbBCC+V9hpHeTJSHspaBbqQIIzVIYg+FCZzgzJmKHUg+f3h9R0UIYYdiuS8bhLUmNoYTjAZNU1ZYkOEgFyOZ6QtUrxomKNB1R0BErw86SCASpJbZjAhUp1OS6wp16LdJAVsntAAhSWZRBAOjO/yEaOHuOC5jqbHVM076bpXMxj/roBb2g3dpo4iLygp814K1sJKtWLynHZjKRMPeL8CSAA44lcg/nrpAK9UN8MpjAikx3eVfKdOvkui9nOyRnGYmahUpICQC7mqxLEGkjQ9HbaFHNyxzXYxnagphhpmfpCEl9nEIRNmTjQiWFBlEElYcW/dJDDcvF5h/pEqO7Va5zGMaHH2H7xqs1iUyyHQDzII+II09YbLcqbqZHjmmnYnAi9RSkTCUldYDCxADKuTTTewKoTquDqgYfm/8IvZ7AzDOqsEuLidJmLcNteNlpc4w6JYRX+zQtlTZIIVNC7EElVJDpOmgINmLwGpY5oidQTe2/wA809haj6hcWeIizXEQ0jgIkGDvuN5CTCWUhK1ilJ8PdlLkpCS5DltXvvA26ecfPkJ8uDiWMud802F9LL5cyzmolmNSWIP7rHTrY3hljiR7BLVCzeNbQbEemqn/AGTL5j3P+6GMreI9/wApTvDySdePmEk98ovu5huV4KEdleKmKWAZhOnMAxmoZYRyRcN4azDzH1WnViglEsG4BmB+Zqf2uY8+S2BI3P1Xum0i9ziOA+iDnrCiSneKqxllEptIN9l53galncRTQYUeJKSTMO6iAS9zfcaxsuhYIsluMLABiKhcH9Xg1Mbpao4aQo4SUAB62eNPJKEwAKGYB2Yi0bp21WKhVITzO20XPBUASboSYtgW94KBJus1jl0Qi1qJgoACRe5xKadk5JVipfRz62H1jYSOJJDE+7bZeHSe7PG4JGjjT+YfEPyi3mLpKlcELCYTCAqAL1BV7hinm+oL/PpBHP8ADKFlgwtTKnJlLCiS6jruw0HL5axyy01ByC7fZTmtceKvxWJQalXq+7YbsLuOV/aKYwiy7FSpIEfm6z+IyszOIBtgq94eZVyWK5tbs52KMtEHj+yukdkVK+/91wwd3sBrZzz9Wjbq8aBDHYlpLjExp++yDm5BMSWSyydANXOg5PEbiGnVDr9jVqILpBA8j+PddB7Kdl5spKFiX3hSSTUQlDnYEglRB30eE34kOOYCyRdjmDD9wW24767LQy+0R70IKBKY8QUoAOl/CocJ5Qs52cWNlzyI0KoxUpUsIWoj9qKySRw82N7AHxefOBZXhxaFXjmG+yynaTM0kKkygSlwFTCCCpSdkO1IHW56R0MPTy3cfJeiweGqsEvMmNOCG7L4sBBSya0qLApLkLs7hmYn3gGJYM0nQr0fZpz0jTJ0MnQc9Oe6e46Yta1SwoqoDqrN1FASkgl2LNbQs4fSBt8ZnU8Y2809Sa1jA8iJsIGgJJnlz1E7IUTEgzWQmlgGqekkaiznodj6QVrIuVlzzLczj4bzx5Hog1BTg3OgSDy1v8faGKZLYFkCZAiL67egTT7P+8n3V+UMQ3klPJMk9j0oNgDdtPWDrw2ZFSez/EmxF30ijcQra6HAoHMcIaLnwzJnxIIjzlQwJHEhfRsPVBdbdoX2DkpSlL6CrXdif16RYOdolVVcS4wipuGSBUggj0LflGDLRa4QWVCTDhdK8WUm4soWuP1aLMESjA7JFiJalF1BrfdYOYO1wAgJao0m6GTLULE68jaCZhsli0yqSliKiG+Eb1WIjVQX4VF9Y21S03Qk9BABbXYxtpkrNcoQr/rBYSRdwWg7AIP2isB6W67E/QQZq5eJNittm5TiAZamQkhyQC4I0IawIMaMEQkmktMhYDO8EtJIllK1LBFVLFYBvrdK+fPWAWpmHafRMR3vibqkM+et+IKCk2ZThvQ+loMGtItHki96WwQIKNygKmzAGqSGcOzv12EYqANC6WCc6u8lxsL+f4W8ynL0mspJKA6RTpYcRUbGkEghrl4Vywbzrt80XdfWIDWkQbftHPqpYlEtCRLQVGxmKUEEFr0tuAWAcu3S8Yc4RY6nnojU3uLi8xrAEjz6nU2j6JXhMcEz0TFpdKSWSE9DToL8RBtGA2W5SUDH0jVoupt9Tfrutxkk8yJREyYqtSgCFEUIKiyUps+pbqXjLXtcC0DSy8XjXCrUbSpNECwI1MblBysJImS1KnTOBaUq4RdJ08TcjAAIOVLsppLKk/aJ0oSSpKUJKQh7pcFnPW4eGWvLZlW5rTos3MMxcxdZPiVUpX4i+vU+5hymXuEnzXraL3dyGkiwFwl+HxH2fEIUoEh+JiQ4exBGlw8R9PM0j0WG4juMQHTY+E2nXePm60wnAp4aS5KtCS1O6txf5mOe2Wm+q9QHNMP2gXnnwXs1QLAVFI5b7jXccusMU9h9NEnUaQBOvLT4VWcT95V1XYmws2j2Njqz3EaLs3XfYwlm3EfsYQ3fI5D/ADD/AGxPI+q1IXXpGcSFKKUuSCq7pYm1tYcZXY/9JXg/6arGYtMdCjRigwZCnsNB+cFlBhYHOw61BNl1qYF2I0P66R52pTAc4cSV9DwJ/tNcbjKPJUyZawkPuS7RhsAeFGe5pcYRkuU4BQQBuHvpeNsAcLJdz4MOHmleOu9IueYsfWBkAFHBSIuoEPpbyhgWQHXFkLKwbqcqs+rwbvNglzTGqoGG4jUrhGnUfSNZ7eFBNPiq5swIS2uzwUNlDz5EDi5xPEA6QAnyjbGxbdBrVDrsgHMMWXPLnFbz/pmAFqpKVKA4nLAVW13s8WzVJV/0rboFSye5QL24iQWOsESkIXPssROdFITM8QWEkFKvqH1jL2B4grdN5YZCyEyTLxL4bEp7ueg0hbMQTpfdJ5G145v9zDnw3C6QLKwukeWYVeEnTZcwAEggK2a1xbWzN+8YafVFRuZo2hOdlsylzHazPVaqTmVJMpPdhC1Co1BiECkJKkhmq4n3e7jUDnEEgcvQLu9zIFS8jTz3jpaNkvn4xUypRVUuYtmcghDvSzMA+jddbRcOMlacRT0FmjhaePElBTFEukG4IQEqaq3JrDlFRshSALjQSY3J5IvDY9UxSCtSlqTYVqBSlrWCtCA9xu3KKAFwdfm627CUiwvptidgL+yMl5qqXhxJACVByqoXUFtSljoAlVVXMDaIGDNJHyFxMH2UXtLqm/t+/JHyZ/cYbv5UxBmuAEggniPECOVnfmIplKT4tFzaXZ1UViyq23HZZ2TMKStS0gLUSVXBuXVxDYdb2GsOiGiF3mshsLP9o8Ukr4GYNYaaXZusbb4jK53aFXK3LN5QuDzZaBSXKTsNW6RipQa641VYTtarQAa67fcJxLzeWRdQqZg4sB83eFjhyNl2W9qUHxccTsvcTm8tnclR2sRpYu2vpzgjabjqsVe0KTRYz0Sr7cfwxO55pP8AxP8A7Vr8yxSbIB7wJFIU2qTdqTox+sIa/NF6kuyglwgm5HS2u61n/TjtSSTh5y3YPLJuWGqX3YXHrHTw1T/SV43trCNB72mI4/lW5ulK509laTEqA6qBU49m9Y52KoODnu21XU7OxQ7qk3kR6bIGXmYJpI5hX5iEw4yDHziumcPaQVVmEgS1Ogukt7mLcAw2VUiXi6G+0qILqKuT8vXeKdJELbWAGyTZmB3jy7Ozh9S0HpiGw5L1LGyFQkAio9bRomdEDMAbqM6enYAjrtGmsO6xUeDogp5DEaE84O3WUtUdsod6lDhnAYesTKXXQnPAtsl83EB7AQyxh3Sb6gGi6L2EwqJaFDiTMCElZG6luoB9gAW94M2NVzq82WgklCSVKSwSSXcAX841KXiVOVnMiZaWZZO5SUk68tYmZWWEJZ2pyoTymbJUkYhA4AwT3iRcpPN9vKB1GNqAgrdKoaZlCZVjZGKSlE9PGHAJ4ZiSLKS+5H4TrHIcypSd4dtQuq2o14lCZhlUzCqE1BSqUio1hJqTrZaXLu7Po3KCUqrHmIg810W4lxaWu3hJ1ZqmlIIcElamu5UCTcaHXa3WGwPVHNUAF2m0hJZ+OASQGZ3bf/M2nrG200tVxgBcBoYuNfVDYXMSlTkcJLmLfRkW1WcL2kaL/EPCdd4T+VmSSkE8Q9NOm4a3tAGyD4tV3DVpvb3jDYqE/MmYgDl5pOobUXvrG5OkJOo5h1SXFY0qUEpDqLAAfDf0graZ/UVzq2M8WSncqyRkyjxTCApxYg+u20Q1gLCyJT7KqPcKlW5Kb4js8RxgBSfulPhI0J50u4v18oGajjommYCnobHgfmqX4nJCwJSWLjyI2bb+sUKxHJArdnszEQleIywvw358h6+doZFUEXXKrYBzT4EPxdYuWoHd1eCe4rFkm8c9lOy9XXxMeEftdMuyGJpxkgm4K0pI/i4frBqdnhc/F/3KDxy+i6Lm+HpxzMwnykvuyklgfRgfSD1m+Lrb1XKwNSKJ4gz6fsSsRNUpMwhhqATyNRBjjZLZTqvY94CMw0sfZPUIMyXULkD0/V4E9rkPMAeqW5kphyf59IjLmOCO3Luk8yVUoEujUvf2NoZDoBGqVxFMDxBAYxatEgMAS+9tYNTA1K5VQShk4xgN3HsYL3UlBbW2KiHd9X+EWYWXggobE1CyngrMuyWdm/1K3JsIZs1CfxKSn3If4QTeEKLFxXRMVjkyUrAS5mrSFDTgTdTONeIt5GI50ODUk+SWhZHPs/XMdNwlLAIY8AO4bxFrOecFARAwNWdm4i7sfEdTYgWDhN7c3jUKZyETl3aGfKZImKptZ3LODwk3S7NaMlqE4g6rc9o8pTiJQxchNQmJSVpGqxsoBrTE/Fm5QIs33+WWWuiQdEL2e7SzjKKX71cqxSrxLR0OoU2xcFttY52IoMD/ABWB34H8J6hWJEDUe4/KKzTsdJnnvcPN7kKDlKkmlzexBYCNU8QadnX5o5MixhZ7Mux2Klh6UzRzlKBHnTZRPpDjcTTO6HlJWamoILEEEagi49IOCCJCG5qHSFE2J6NzjRjdLDOT4SQFdMkLCilRNW4f5tGQ5sSFl9ZxsXErX9h8oR3oNYC24CSQawQ4te4cW6AFzCtSq5xgLtdmYUCia0TOvIfz7clrM4y5BuOFRTSiWEkLOjKXUokIJIAKiD91rQA3EkeUX/hd7DVXNGWLAyTt0bAFxwEjeUol4hQHc8NilTk3uGLK2Gh6UxJI8J9V0HU2OPeXuIsI34a8ucr6ZPJJVSGUymEtIcsxAbQdB1tEGdziT85qOY1jdztrNucxog8UJYWwAAVSGOzlRsk2UAQxezgehMxmJkjlH8LkVGtadib/AG324qHeq/H8P6QTN/3LPdU1HM0yy7BwkBLiWQNqFG+pGv11iEDVHfUDhBAve5nqPL5GiWZZM7qfLVpQtKj0ZQfWKjQrmVmgNIGkFdWzrGIXPw8xKg6K06vYkM9hz+MOEAiV5yjmBLdv2Kz2LwX7XEJDELKifO5HuX9442JB7x3I/heuwVYOoUidxH1Cjl2MUjDrlgBJBBsDYNf1eAVSC2OKYLJcHHZBLdYYAAnmRr66wFoymZTNNw3S5SWmMS4uD5tf0hgXZMIVaCYSvFzykkXFla9WhqmwOE9FzsQcphAYXAzZiSZctSwkklgWGmp0HrDZIBiVzBY/ZNcLOTLQXF+ZhGox73RsnnPhqU42d3ykhLu+p620h2kzILrn1Xd4ZC1HZLLSky5pHCO9U/NQSoJHoL+0HptzOlLYioGMLOn1R/8A1FJkzWIRUEJBSbtVcMDqQFCMu/zyeAH3SmGOdxK51PxClKJUXdn2FgwsG2EFCYITPs/kXfAzFgiWnlqo2sN9/wBNC+IrmmIbqn+zuzhiDmqGB9f2Wu/sVEsEJSAkAFZSAFAbfeqYkgOdzHOqPqHxE+v4XomYTCGn3YpgZrDW/nGvmlmOKkJUiWpSErBBBJ4k6i5sk+V7wajWcNSuB2p2OKUOoCRveYKR5HlxE8Csy1PZT2vo/lrDVao1zLiQvPBxaZGq2UzOpskBJaoXIA4VDdSeY6DR45tNuYRttxHIrpMxAcJ33CMwvaHvZKpqBXQWUlDVjrZnDXtrFvo5XBrjE8UVtUEFzVORhcNmMmtTEOUhSkkKBGwLP9IhL8M+P3WmltZspdK/6dpctONL/wCCSf8AMDDH9aDeFGty7e6FzHsIsD9nMQ7AGqtJJG+hiv69s3aVp1FjxfVMJuXzUKpQkNdKSCGQgs9tRvfkTveFqdYObDvnNdnsypTp08tQgQdPoqV44hU1KapiUqSpc0v3gFg/Fcbh2+EHY0zOp43XQdXpjLMAwQBbL7a+qETnMsJpIStKVWSdSLl7Cw2sYLlF7eaEcQS8kGCRcj8H8KM7HJUGLim1SVEoAOgcEgXfSLaGfLLLq7XDrfgSfZL8xzJAK1PUpVjyZtvWNtDikK2IDRLiB08/2SH+1/4/eD9wFyv8XPBOpiiQ5qOiVFRIAJenToN+UBDZ1+cF2H1bx9OCBxUwkuzOxbXQXLm/pFjS6XqGNVruyKFzkpWtTglSEgm9SU1FujEQVlQF+TeFx6ze6khOAlctdCwXCEVHW1Sku/kzn1gFakZceICfwmIaW0xwcfcflLcrUopUkAkF9+K5JST5PHLfIAEfAvQNgkmUmR3velKrlLm/TQdIIe7DA4IVPMKhAS/F45VbqDE7jdtYYZSBbZAfXLXQVWiScRMSkeJakpD9SBGx/aHJAxDw5pedky7TZiEp+zSVNJQ6KR94gcSjzJJ+ESi3MM7hc+wXMpgOHeu1OnJZ7Dy1KNI5E+gBUfgIZABKI5xhMMjwCVcZLBNx6AqPyiAklYLcrbLq/ZGSmVKlCpNdJqSQCEGYlB4gTqZSHb9+G6IAYFxsXULqjo+QsRn+LGLmqUQKZjhzekS6RUCCGLB99nBhR1UCq8ngPuphyKRIKw2KwxSogjTU8xz8oKx4cAQnA8OuFv8AsbLSESwy3KCVUPUUXXqCKajSm3XnHPrGahH01svWYUEYJkRtE6Ak+cwJP8LQ51iGcUhKlKUqcE1EAmkhJUt6Vc0htB6K1iXn9MOOvTb50RMJTm8yAAGzA6kARI4HqsfmqgUhLM6hfYaael4LRZfMj9oz3DhrbbX4EpzPDjD3SoFROm7822vDjZdY6L5/TpmoYhUYjOVrRSU3FPFVyNiA2v8AWIzDsaZTRolo8IUcuxq0L7+RaYP72VstO5SPi2xi6jAW93U02PDkUMZmuzs13HFb3BYhC5ImyXCC6qRqFKuoEDrf1eOS7Mx/d1PVdFsOZmbogU9o110gPcXBBueT/nDAwocLarbGlwlOO9WtNUtQVyuw+GkLmnlMOspohcrzOYpSkzZCpYTYqK3B3ta46wR9FjQCHTKG17iYIT1cvCrSy5fek7KJb2S3zMYbUcwWRAXA2K9l4OQ7jDygf4Ev7kEwN1Rx1JWwSNFScThe9EkiX3h0QEOfOydOsWKdTLnEx1WTWE5SUozbJcLP8GHSAdVsUN1ADFR6QeniXs1d90GpTD9kD/2Tg/8AExH+mj/dB/693BD/AKdZKsM5JJdvy897NbneHRJsV1HvvBPoPnshMQpyw1OwGvtFxdKVqg09Vp8slzFZckywapeIOmoqCSCDt4SPcQMDLWniFzsQ7xhvJa/CY0qQ8xF1MilR4mN1D3SD7Q6XCCSlwCIDUglYZUlc0VJQlSUlBWoAu54T1HXYiOUadOq0OB+cF6LCYms4BwYSDy9/VI5WIUJ7kkG457bM7+cU6jFOAmGVx3nisk2LnVLJHOzwxTbDQla9UOeYTnsfLfFyyC9KZivUILfOF8V/kkcYHqUpjHnuiJSbEJUpajcOpR+MNiAIWhMRwTXC5LPQitSCAtCwn1oTp/PBWtdwQn1qekrd5T2ZCMN3akJKgBMXMKgxpcmUkbWNJPMiCtpAN5pCpi3OqW0HyVXOx82WnEK7tUtC1laTMpStNikjUhbudBZhrCZx7WuygapNgJNhKzmByJa5UxYLIqWsFWtDJd9hdPSFK+IHeeEbD6obzmdlGqS4zCCtC1rWkBgCqWSggXaqzuDfzhuiSGxGt022lUY2IWlyyXTLlJFMxKE1ckrSHW6irkCEhOphLEuk3/eV7rssRhGEmCQL7ibW+pKnNlhSQpRIsSoFvFqkJDci99t4jGnLqPP5ddNrnMJa0biOm8pXmMsAWVUCGUQDbRtRcg7fui8EpNBAjVJ45jnNkCIm3H0S6dgpaSFi9XEKjsAqxa9RIDeYEMucctlxG0WgzHI9VWjDhYuGHPmQzpHVi8UHXhFfTBsUtxQ7k1JdwRS2lJc68xb4wYDP4SuPjaZpDMNk5yfPKTWgXPjRsv8AJXXeEq+Gnwu8jw/ZBpV92+iY4zBy8WO+w6qJm+1xsobHr84FTqPoHJUEj5omGuDxmYVZkOKmoWor4QAykfiP4nc9bjX0jeIexzRl9fstNqF2o0Wk79Kw6SL/AD+h6QoFolYPtNi8XLmOVNK0FINN/wAQ1B+EdPDMoPbEX5pGrVrU3ZtvZHdkM3xS7FNUoffJZjyD+L6c4FjKFJtwYPBEo4ipUdcCOS1wmBd9FDfcPqx6xzIc3ROSDqkfaTO52HSKECk6zNWOzp+rtD2Eo06mp8kCtUc3RJf+7Z/+LI/yGHf6GnzQO/dySZU5rvfn1jcLoOcN77Ivs9ikoxKVFILBQD6OzBzt582jL8wZIErlY7M6mQzVbrJUzMPI7pcgoQopSlZI4lAlVTC4FNRvzDQrWxLIDm6j5CXdmqGQJKZ4jGSwlErDTKpmi5ibKpOoS/E5Nt2eM0qj3vJcLfNOa7HZuFrNJfXZ4dgePNZnOZySrwyuAkEJJ49L7E/PWC1HNLojRerYHClq6/Hbl85LMTcauTMCpZZSdwbe/JnEMNYFwsZWvGy3mS5Hh8bJE+YKpi3diXqfiHIn02htjGuF153EV306kNTLJ+yASorSkJPcsm/i4WJI6/WOTja1IsNNv6gR7FZxFfMIBlV47JsLJoxBk1KJdUkmwJa1yXA1vzi2dpUy4CBdYdWdlyym2X5zInlMoIMualPhVSFFykhnOjA6AfKOnTxDXmANVkU3tGY6L7tbmk8FEiVL4+7BKg5YggAMAylXDAc0vYQDGucR3Y+cvNdjsns2nWYa1R0CY9vYfuFj8ZlxN1rUuYoMUqqrr4bF02N/CLAA3Ec1zQ0+3Tr1/leswraVOn3bW+Eb2gi97H39iqMynTF4cSASyVJSrQAHjZJcg2cB9OH1i2CPE7b2XJrdmM/qjWZZseZjU9D6pViUNUDoFUsVuGGoLXI67sYLoUz3P9qB/tmw1+x6JrgZveS3SkISyhTcS0WB11Uo0qYHkIDWPjPz4E/hYbSb8Jv7ASLhGiemoVqKkqJXSoBLhI/ZlWzEbNoesWwSLienyy2WEN8IggRIJOpvHTjOvRLZocuBY3KeKkOSAGSblgCD+UGptgwd9OgQ67wfCDfSdygzIR4TSxe4JNydmFmDsT1F2hgHwgxbhw5rnvJ1CGnYcEVd4lRA2sCE20IF2A6l3ig1vz1+c1mcoiFns3xLmlOmrcne3o8HpNtK8/2lXkhnqgpayGIP66xsgGxXNBIuEzyzMlImVixZjyV5jc9YWq0QWZfgTFOoc0/CtZKzOXPDPSttLOPzEc11FzDOycFVrrbrNYteJws4zaq0mxP3SNgR90jYj8xHRpd1WZkiD89UnUNSk/NMha7CYtM+U6k2UGIUL32I/Twg5ppv104J1rg9txqoTMSmQgu9CQ4CRp0YRMhqu5qZhTbySPBdrCqbxAJQWCb3G1+cNPwUMkXIS7MVLr6LVTFCYliHBHoRuDHPALTITsgiClH/AG1h/wAA9/6wz/V1OKB/Ts4LEzZvK/WOoGIVXEj/AErcdkMjWhInVJStVk1DwhQeo20a/klTdQ1crxlcYHz2XVw2Ap93mrAkkTA2vp1Oh6gap5hsqUsoU6phUoqW5FIlJLE1EguXqFxYDygNOmwQGj10PP8AC6VWsKbSzQCABF8x5X00NtVTmGKl/ZpRSGUssFU3lplLJBSrmRMD3BNI5tG31Bktr8P3Uotf3zgbxtOpI+0W6nqkmJnEqV4VhR8QAd7G1rP+cYabknh8/dNVKga20iB5JDj2Ny7/AIv15QyNbriYvxXOqe9iMS4p4lJC6u7SHUpVqUhWguL9NoqtULGwNVyRhqmIBLBYb7DqugT+0FElKVpaYpaQlAs5LOL+FI0NtI43cZ3Zd5+fhC/w0985jT4W6n5x2WUzrE0IrBQVVAFBU7pLsoUnZgPWNU8O3MWn+FWGwJe8sqAhC5rmYnSpYKFInIPCAbkKGrggski1tyOsNsbl0Pz7Lr4DDPpOIbBafnuhpefTErSmYohwo1XqNQ3PkwcaWOogpLqgmfNdRrqdD+2G63HCyPxHaCZMu4SoKStNGhUocSjUXcvcaOVWheoXON/PmeKfoU6IbpIIIM8BoLbcN9FUjGBJSpAJZIqC3IVMU4URq2vnaLsI+fPutPGaQ867i0N1AKWYlIax25Xfce8Rg0Q8Q4EHnz248rKrA43u3Sq4LEO7BThi2inFtxcxupRLhI1S+HxwpuLalh8EdDr1RU3GBQpcsbu+oANKiA4FI25QNrEw/E3n04c+s6qpGJJIWTYPWq5apxUNOdgDqm8EFvCPn1SxqgCPT8b+aGxOYUMXIU5IWFWIsQDSXs5+W0EaxztUtiMVTbPBJ5+aqPhZJuPfpDTaXFcWv2q42Z6pepG5IfzMGXIcS4yTdRFjYiIRKoGETJYsXb9fLrAnW1RmmVCYFA6EEaFO39Iggj8qjKa4TPFqT3cyk9WuYXqYYDxNTFOsdHIyZmK0IKkJJ6c/zELspNLoJRnVHBsgK7Ls5E0cQbmD+r+cXWoZCpSrZwpYXLZMtZmp1dw+ifLrAqmIqPbk/krTaLGnN8Cuw2cS1KKEG4Y9H6dNvURruXtaC5QVmuMNRH288vgIx3YWs5SbGdlFoJoUFpDOXZt9wI68rmCFqps5SEqSFABQKfCDZKGSArUcKymzM+8c01HyRtovpTKVN4a5o4EXI1N7eQN1HF5wsyVIqSDNVcBIdtjUzjQJZ9LERGVHhsDT3t8hKvo02vDwLNFjfXQ29+qT4/F6JClMkAUmzFhVZywqG92A5QfUAFAJgTEnWfogzNuB/wA+2usT9JkoBr3EmLXn5sgcwXyNiG6XPsPTlBGXN1z8WYEnWNvnBafsfNlokio0gghbJcqNVVm8LgUkgixMLVn+MrrdnYd4wrcgk66wAd546yOgRePxCllSzSVrYppPgSONhyP5mAtqSTzTowtKnlMWBgyNTpJ+cEDORLUkgJ4tl7ltba3f4RoO4WUqCLu13Hzog8KHUAm279Q7Etu3zjbzAlINEGYSztASKSBYFiQbP5Xg2GEglcvtStDmtB4q3BY3hH4fP73zYgmLfTvKNhsUSJnWw5JhLxFg5BBa7ueTMG6WPSBlv8roCveSfxHAqudPGj/AbeV9D03imjY/ssVKs78J4eSWY+YEvU4INlXcHZ3vt0gzASuViKjWtv8AxolMrGLGhs7sbj2hg02nVcduNqs/SbI/BpxE4LMsPTSVEC4rNIZup0EYc2mwiUzTxder4RA5pqnsPPUtaQKqCAVmyarOA+rFxZ4EcQAArZRpPYKjnEpUvLUJe9QYsW1O0a70lNjs5uTNBugcVhaWIuGe49PaDMeCuXisJ3fibooSpQI1A6XgiThSMsu1viIpRelCnbVuWoisoWsx3Uyknz5HX0eB6aokzoisJMQVMqpJPU/+X0gNQOAkXRGETdW/Y2U8s23BLfSM58zYctZYNkWRMUllILe4+EDyNaZBW8xIghLFZaqSsK4kjZxqD+vlDPeio2EAU8jpTH+0Fcz8IVyJjOutJwGHly1JdJDhRJmEtsXW7jltHQIELnAmVlc8w9P7QFC0cVwDTfhHk40PNMIVaOV2bZe27H7SFSj3LzDhHmBf9is7jQUsCGdAOmymPPrFBOVan1Pzmlwmfr8/ygzQua58zx04KCFbXa7lrO3o8bjglySCY+fyhsYv1bb0YWGkWzWUviHS355I3IMeAAg6p36c4XxVG8rqdjdoDuu5O30TkYhSy7knc73DNfb6PCjjFzqu6HbtiOG2uvVSxSNGA3e3NhzaNMqfOKSq1JMAz9DyS6ZiCkNudCNP+fzg2XNZI1Xhun8I/DS5Zw4lqKSFKqW7jU203Ya7Q9TbDQvL4uqalUlZ3H4HuVVS1d5L1/eF7OPrGi2VmlXLSoSsa/X6k+X6tAixdNmKnqr1T2GvMdOvnr8oHlR+/MX6/jok2KxNRbYfGGmNgLiYuvndAUCv9PBEpK6p2WQmTJRLlVGZNpIFimpYSWIs4Bfy13jh4mqS+wum6mILGd00Cd0dmU9WHnFJUpKVJ4kk2TU9bEHcXfW5vEp1C46abKMxbgBDdFmcfLQlkyp/eJIoqKRQgeKmu4cm9oZaJu4c+vkvQYTEF7S5zI3F/slWYYVku1VQA4U3B00ZvlqIay5T015dVjEvzAg+az9DOLD0g4K89Vp5CrsLPSBo58/6xEGVBBBOgfqS0WoFGeE/hA94ihV1ZA3UG0UAf6wM02nl0Ww9w5qcnN2sUn0Pye494EcOditivxCIk5ugHVQB1Ch9U3EDdh3/AMLYrtV68ZLUGE4B9lXH0jIY8at9FovadHeqr7wf4sn2/wDaLgf7XfPJVmPEfPNdax0hFBHCRbhBYOzXIffmk6QzvAS14lQwGAQUMBLCSAFO6gdbUul9jUT5RccVbajmnM0wVkO02QGWSqUpKk6lLUlLbCrUWMANKDIXdpdrl7QKmo32WWRNuygYvTVHbUDvkqqZNCbluX6/KIJNgh1Xhgv90sn4gq00g7WQuRXxZeSBoqkTCkgixHWNEAiClqdR1Nwc3UJ/lONq3Y2e7W6c4Qr0cq9Lg8f3oMmDwTqfLpAIdmH0hJrpsnXVfn2/dKMbPCQ+50AP0hukwuMLm4vEhoJOuyXpxBa4HRwdPOOjC8+SozMQ5F/QJt8TFqkIVMXH69IqAtNqOaoLJYu/tEAAUdVc4QSolEWhwvEIPr0iKLsPZ2fJTRMK0ES0GyGYmllOUvfyaPPV5a+Y1O61VLnuzITMu0kuYtKjVLIASCA+mg56CNNove4uTdHD96YYbpPn8+SbJQpExwVmlifcuFNDdBjwZmQuthaOIpi5kdUrxM1yonckuQmopsPD4fbr1hloygDf78ytvZA1/lI5jONG+Hz16QdkrkYwiwRQnITYIfmSDfnuR7RsJIovAyJYJKULN7ONPK0QlWAqcwSCQ/eC/hfU+gf1iAqiFHEYyVQEgGpjVUCwO1O5tqTEVSg5WIl0kEB+ZH5GLVWU0zZJapweQH5xFJCtSZKk3uXOjAtGCSFoQV93Mnr8fyipcr8K7NL/APy/xCLGqyVPI9PX6xapVY/Sd/GP/GJspuuP43++/XWBu/SnMH/mpZmOo/XOLpInaH61RJgq569m6mIovsD40+cYq/oKNhv84LcH+79fyjiD9a9I79JWQxn94PIR2KP6V5/F/wCYrFaK8/ygqAV4N/4TEUVaNPSIqX2J8XqItQqpX0ilSv8Au+0RWtL2Z/ul/wAaf/rmRzsfqOn3CNR1PQ/UKKtU/wAUuKoa+qb7P/z2q1Pjmfwrjbf0t6/leiqfpb1S/MPH/MPrDDtXdfslHanr9klX4/eCs0XnsT/mFMJ2ifI/+MbCAV9K1P8AFFKwqJfi/lV9YsqlQrX2+kRVuh8Xr6xAo5DxawrpOsUVaMila//Z123313', 17000, 1, 3, '2020-08-11 03:58:31', '2020-08-11 03:58:31'),
(70, 'Orange Juice', 'https://www.earthfoodandfire.com/wp-content/uploads/2018/04/Homemade-Orange-Juice-500x500.jpg', 17000, 1, 3, '2020-08-11 04:02:18', '2020-08-11 04:02:18'),
(88, 'Martabak Telur', 'http://192.168.18.36:8001/images/1598710041263-Martabak-Telur.jpg', 25000, 1, 1, '2020-08-29 14:07:21', '2020-08-29 14:07:21'),
(89, 'Bakso', 'http://192.168.18.36:8001/images/1598808877206-Bakso.jpg', 8000, 1, 1, '2020-08-30 17:34:37', '2020-08-30 17:34:37'),
(94, 'Bebek Peking', 'http://192.168.18.36:8001/images/1598883474511-Bebek-Peking.jpg', 39000, 1, 1, '2020-08-31 14:17:54', '2020-08-31 14:17:54'),
(96, 'Takoyaki', 'http://192.168.18.36:8001/images/1598924797329-Takoyaki.jpg', 25000, 1, 4, '2020-09-01 01:46:37', '2020-09-01 01:46:37'),
(97, 'Bolu Kukus', 'http://192.168.18.36:8001/images/images-1599221002170.png', 15000, 1, 2, '2020-09-04 12:03:22', '2020-09-04 12:03:22');

-- --------------------------------------------------------

--
-- Table structure for table `menu_order_history`
--

CREATE TABLE `menu_order_history` (
  `menu_id` int(255) DEFAULT NULL,
  `invoice` int(255) DEFAULT NULL,
  `user_id` int(255) DEFAULT NULL,
  `quantity` int(255) NOT NULL
) ENGINE=InnoDB DEFAULT CHARSET=utf8mb4;

--
-- Dumping data for table `menu_order_history`
--

INSERT INTO `menu_order_history` (`menu_id`, `invoice`, `user_id`, `quantity`) VALUES
(36, 3003, 3, 2),
(27, 3003, 3, 1),
(36, 199876, 3, 2),
(27, 199876, 3, 1),
(36, 71291, 3, 2),
(27, 71291, 3, 1),
(37, 85968, 3, 1),
(89, 85968, 3, 1),
(27, 85968, 3, 1),
(41, 85968, 3, 1),
(65, 85968, 3, 1),
(66, 85968, 3, 1),
(97, 85968, 3, 1),
(46, 85968, 3, 1),
(46, 83724, 3, 1),
(30, 83724, 3, 1),
(63, 83724, 3, 1),
(37, 44993, 3, 1),
(89, 44993, 3, 1),
(39, 44993, 3, 1);

-- --------------------------------------------------------

--
-- Table structure for table `users`
--

CREATE TABLE `users` (
  `id` int(255) NOT NULL,
  `first_name` varchar(255) NOT NULL,
  `last_name` varchar(255) NOT NULL,
  `profile_image` text DEFAULT NULL,
  `phone_number` varchar(255) DEFAULT NULL,
  `email` varchar(255) NOT NULL,
  `password` varchar(255) NOT NULL,
  `level_id` int(255) DEFAULT 1
) ENGINE=InnoDB DEFAULT CHARSET=utf8mb4;

--
-- Dumping data for table `users`
--

INSERT INTO `users` (`id`, `first_name`, `last_name`, `profile_image`, `phone_number`, `email`, `password`, `level_id`) VALUES
(3, 'Taufiq Widi', 'Nugroho', 'http://192.168.18.36:8001/images/images-1600509410498.jpg', '081284544654', 'taufiqwidinugroho@gmail.com', '$2b$10$0XwKUYDcF.RywZPNhEmYSuZKncL7pCeYSNwUOihk/SZ4FF50hPVKu', 4),
(4, 'John', 'Doe', NULL, NULL, 'johndoe@example.com', '$2b$10$gt/jepmvConNtgdjOfsdvOGgxWX.UKRT1LdOn4mjzp1qKcoKYDdsG', 1),
(5, 'Saipul', 'Jamal', NULL, NULL, 'saipuljamal@rocketmail.com', '$2b$10$PDnbeXE/KwZsng2miRn.c.9PFsFv1vRFqWIxz03eOStmG/gxFOCRe', 1),
(6, 'hihihi', 'huhuhu', NULL, NULL, 'hehehe@gmail.com', '$2b$10$4qxngdVB8JRCAVdYSt5u2e82z0Jh6impsX/KepWpn3yV/JMhMj5su', 1),
(46, 'john', 'cena', NULL, NULL, 'johncena@gmail.com', '$2b$10$3Mh60D9dzPrlUqUsUGDe/OBr5n3vhxYCQ8p12IdAm3oJqlR0/.e3C', 1),
(47, 'Yusup', 'Junaedi', NULL, NULL, 'ucupcupcup@gmail.com', '$2b$10$8oAlHSBcqOCV45f5mOnAY.mlBbijANCWRtcLyNuVs3IQTlt.Ljw8W', 1),
(48, 'Yusup', 'Junaedi', NULL, NULL, 'juned@gmail.com', '$2b$10$7S0ZYL61BK9/8XXKJQsK7OpNU2vakKwlE5Fj60sFJk8wh33CIe4gq', 1),
(54, 'Razor', 'Back', NULL, NULL, 'razorback@mail.com', '$2b$10$goPXXEo5DR9YkLAEeoItnu6WLw1ZWIvk./nt6.lYDwLBTpfJ/qRTy', 1),
(69, 'taufiq', 'widi', NULL, NULL, 'taufiqwidi@gmail.com', '$2b$10$qZCYNdZ6BCssl2m4imgobOAJn0qmS6zO/.p7vg0SksFrnLksDr9Cy', 1),
(70, 'Taufiq Widi', 'Nugroho', NULL, NULL, 'test@mail.com', '$2b$10$AgCWcsz2cDTuPf3WET1KEOIMuanPzftgUFXAgSUYGmFiPRTAiDZ/W', 1),
(71, 'Taufiq Wid', 'Nugg', NULL, NULL, 'taufiq@mail.com', '$2b$10$cRruRbXgCli/Kav1dhywQe3KbvEi1WbfNY/NcF9po4LFwjn26iLI6', 1),
(72, 'Taufiq Wid', 'Nugg', NULL, NULL, 'taufiqwidi@mail.com', '$2b$10$L0YWMuh1dmi7Dc0GWkDnv.Wasef23x2V4JomsrVqvih1/9KEj3zOK', 1),
(73, 'John', 'Lenon', NULL, NULL, 'johan@mail.com', '$2b$10$flh71rOwOEk5ex7y1Gmw0ObsmT1VuZzFy5rhaXkRy0w6X3.EWf7eS', 2),
(83, 'Taufiq Widi', 'Nugroho', NULL, '6281284544654', 'taufiqwidi@yuhuu.co', '$2b$10$SQZqfb.9OR1Xd1.HwemvAO9FINFe3XmJ/pcEJ3R5hUSwnfYye.I46', 1),
(84, 'Taufiq Widi', 'Nugroho', 'http://192.168.18.36:8001/images/images-1600580673719.jpg', '6281284544654', 'taufiqwidinugroho@gmail.co.id', '$2b$10$m05Xr9cEwSNMqQT9H3IQTOamBS7SrsSmKBA3ruG.EcvP4JAuC3M0q', 1),
(85, 'Taufiq Widi', 'Nugroho', NULL, '6281284544654', 'taufiq@yuhuu.co.id', '$2b$10$poUVtOoAWMrCCU37ZWQaieGTerP0ob/jjtTHzINnvVd6YmO6TrGg.', 1),
(86, 'Taufiq Widi', 'Nugroho', NULL, '81284544654', 'Krispi98@yahoo.co.id', '$2b$10$7t9Gwc8GtP8vt5puQ/Ebi.Yf.VppwIk6zKXLeKmBjB0xcsxjoxWeu', 1),
(87, 'Taufiq Widi', 'Nugroho', NULL, '6281284544654', 'Hihihi@yaho.co', '$2b$10$MmwowQASsBr8B6TWwQLTrOb962CqHJpzV7ao.fWrU65Gsv3rTxAQy', 1),
(97, 'Yusuf', 'Junaedi', NULL, NULL, 'lalalala@gmail.com', '$2a$10$Uq4It0Kj3j50R5Cadt.qbeLxqeDYyaZ7cYsz9vC7ItUjNcRKy3dQK', 1),
(98, 'Yusuf', 'Junaedi', NULL, NULL, 'lilili@gmail.com', '$2a$10$knoS1xNMOsuSp4NAw8jN4u1ZgVplZAlS2j6Ebfg5Sbrl4BGKLO71i', 1);

--
-- Indexes for dumped tables
--

--
-- Indexes for table `category`
--
ALTER TABLE `category`
  ADD PRIMARY KEY (`id`);

--
-- Indexes for table `history`
--
ALTER TABLE `history`
  ADD PRIMARY KEY (`id`),
  ADD KEY `invoice` (`invoice`),
  ADD KEY `customer_id` (`customer_id`);

--
-- Indexes for table `level`
--
ALTER TABLE `level`
  ADD PRIMARY KEY (`id`);

--
-- Indexes for table `menu`
--
ALTER TABLE `menu`
  ADD PRIMARY KEY (`id`),
  ADD KEY `category_id` (`category_id`);

--
-- Indexes for table `menu_order_history`
--
ALTER TABLE `menu_order_history`
  ADD KEY `product_id` (`menu_id`),
  ADD KEY `invoice` (`invoice`) USING BTREE,
  ADD KEY `user_id` (`user_id`);

--
-- Indexes for table `users`
--
ALTER TABLE `users`
  ADD PRIMARY KEY (`id`),
  ADD UNIQUE KEY `email` (`email`),
  ADD KEY `level_id` (`level_id`);

--
-- AUTO_INCREMENT for dumped tables
--

--
-- AUTO_INCREMENT for table `category`
--
ALTER TABLE `category`
  MODIFY `id` int(255) NOT NULL AUTO_INCREMENT, AUTO_INCREMENT=5;

--
-- AUTO_INCREMENT for table `history`
--
ALTER TABLE `history`
  MODIFY `id` int(255) NOT NULL AUTO_INCREMENT, AUTO_INCREMENT=31;

--
-- AUTO_INCREMENT for table `level`
--
ALTER TABLE `level`
  MODIFY `id` int(255) NOT NULL AUTO_INCREMENT, AUTO_INCREMENT=6;

--
-- AUTO_INCREMENT for table `menu`
--
ALTER TABLE `menu`
  MODIFY `id` int(255) NOT NULL AUTO_INCREMENT, AUTO_INCREMENT=98;

--
-- AUTO_INCREMENT for table `users`
--
ALTER TABLE `users`
  MODIFY `id` int(255) NOT NULL AUTO_INCREMENT, AUTO_INCREMENT=99;

--
-- Constraints for dumped tables
--

--
-- Constraints for table `history`
--
ALTER TABLE `history`
  ADD CONSTRAINT `history_ibfk_1` FOREIGN KEY (`customer_id`) REFERENCES `users` (`id`) ON DELETE SET NULL ON UPDATE CASCADE;

--
-- Constraints for table `menu`
--
ALTER TABLE `menu`
  ADD CONSTRAINT `menu_ibfk_1` FOREIGN KEY (`category_id`) REFERENCES `category` (`id`);

--
-- Constraints for table `menu_order_history`
--
ALTER TABLE `menu_order_history`
  ADD CONSTRAINT `menu_order_history_ibfk_1` FOREIGN KEY (`menu_id`) REFERENCES `menu` (`id`) ON DELETE SET NULL ON UPDATE CASCADE,
  ADD CONSTRAINT `menu_order_history_ibfk_2` FOREIGN KEY (`invoice`) REFERENCES `history` (`invoice`) ON DELETE SET NULL ON UPDATE CASCADE,
  ADD CONSTRAINT `menu_order_history_ibfk_3` FOREIGN KEY (`user_id`) REFERENCES `history` (`customer_id`) ON DELETE SET NULL ON UPDATE CASCADE;

--
-- Constraints for table `users`
--
ALTER TABLE `users`
  ADD CONSTRAINT `users_ibfk_1` FOREIGN KEY (`level_id`) REFERENCES `level` (`id`) ON DELETE SET NULL ON UPDATE CASCADE;
COMMIT;

/*!40101 SET CHARACTER_SET_CLIENT=@OLD_CHARACTER_SET_CLIENT */;
/*!40101 SET CHARACTER_SET_RESULTS=@OLD_CHARACTER_SET_RESULTS */;
/*!40101 SET COLLATION_CONNECTION=@OLD_COLLATION_CONNECTION */;
